Cell,Entry Name,Date Range,Entry ID,Cell Line/Genotype,Media Change 1,Media Change 2,Media Change 3,Media Change 4,Media Change 5,Media Change 6,Media Change 7,Media Change 8,Media Change 9,Media Change 10,Media Change 11,Media Change 12,Media Change 13,Media Change 14,Media Change 15,Media Change 16,Media Change 17,Media Change 18,Media Change 19,Media Change 20,Media Change 21,Media Change 22,Media Change 23,Media Change 24,Experiment,Notes
20240603MN,"20240603EB_MN (WT-11, 5319, 4517; DPR, qPCR)",2024-06-03 - 2024-07-29,etr_2Ksb4Ymb,"WT-11, 5319, 4517",6/3 differentiate with T2 (start),6/5 T2->T3,6/7 T3->T4,6/10 T4->T5,6/12 T5->T6,6/14 T6->T6,6/17 T6->T7 + dissociate & plate WT-11(+Anouk) with T7 (+virus 20uL/6wells),6/18 T7->T7 (+virus),6/19 T7->BP T8 (no virus),6/20 T7->BP T8 (+virus),6/21 BP T8 400->500uL,6/24 BP T8 400->500uL,6/26 BP T8 400->500uL,6/27 treat hypo 24h PLATE B,6/28 harvest PLATE B (RNA) + image PLATE A (DPR),,,,,,,,,,"6/28 DPR imaging (PR30/GR30/GP30 drugs, spinning disk, ND sequencing, SirDNA) on PLATE A","Genotyping/passage: WT-11 P14+18, 5319, 4517 (labeled 4157 in one spot, likely typo for 4517); vLH92 virus used; combined plates with Anouk's; DPR = dipeptide repeat treatment (PR30/GR30/GP30)"
20240603MN,"20240603EB_MN (WT-11, 5319, 4517; DPR, qPCR)",2024-06-03 - 2024-07-29,etr_2Ksb4Ymb,"WT-11, 5319, 4517",6/3 differentiate with T2 (start),6/5 T2->T3,6/7 T3->T4,6/10 T4->T5,6/12 T5->T6,6/14 T6->T6,6/17 T6->T7 + dissociate & plate WT-11(+Anouk) with T7 (+virus 20uL/6wells),6/18 T7->T7 (+virus),6/19 T7->BP T8 (no virus),6/20 T7->BP T8 (+virus),6/21 BP T8 400->500uL,6/24 BP T8 400->500uL,6/26 BP T8 400->500uL,6/27 treat hypo 24h PLATE B,6/28 harvest PLATE B (RNA) + image PLATE A (DPR),,,,,,,,,,~6/27-6/28 RNA extraction/freeze on PLATE B (hypo 1h/24h treatment),"Genotyping/passage: WT-11 P14+18, 5319, 4517 (labeled 4157 in one spot, likely typo for 4517); vLH92 virus used; combined plates with Anouk's; DPR = dipeptide repeat treatment (PR30/GR30/GP30)"
20240603MN,"20240603EB_MN (WT-11, 5319, 4517; DPR, qPCR)",2024-06-03 - 2024-07-29,etr_2Ksb4Ymb,"WT-11, 5319, 4517",6/3 differentiate with T2 (start),6/5 T2->T3,6/7 T3->T4,6/10 T4->T5,6/12 T5->T6,6/14 T6->T6,6/17 T6->T7 + dissociate & plate WT-11(+Anouk) with T7 (+virus 20uL/6wells),6/18 T7->T7 (+virus),6/19 T7->BP T8 (no virus),6/20 T7->BP T8 (+virus),6/21 BP T8 400->500uL,6/24 BP T8 400->500uL,6/26 BP T8 400->500uL,6/27 treat hypo 24h PLATE B,6/28 harvest PLATE B (RNA) + image PLATE A (DPR),,,,,,,,,,"7/17 RNA extraction (PureLink) and RT-qPCR (ELAV3, PFKP, STMN2, GAPDH, ACTB) on 5319/4517 hypo samples","Genotyping/passage: WT-11 P14+18, 5319, 4517 (labeled 4157 in one spot, likely typo for 4517); vLH92 virus used; combined plates with Anouk's; DPR = dipeptide repeat treatment (PR30/GR30/GP30)"
20240603MN,"20240603EB_MN (WT-11, 5319, 4517; DPR, qPCR)",2024-06-03 - 2024-07-29,etr_2Ksb4Ymb,"WT-11, 5319, 4517",6/3 differentiate with T2 (start),6/5 T2->T3,6/7 T3->T4,6/10 T4->T5,6/12 T5->T6,6/14 T6->T6,6/17 T6->T7 + dissociate & plate WT-11(+Anouk) with T7 (+virus 20uL/6wells),6/18 T7->T7 (+virus),6/19 T7->BP T8 (no virus),6/20 T7->BP T8 (+virus),6/21 BP T8 400->500uL,6/24 BP T8 400->500uL,6/26 BP T8 400->500uL,6/27 treat hypo 24h PLATE B,6/28 harvest PLATE B (RNA) + image PLATE A (DPR),,,,,,,,,,7/29 additional qPCR run (WT-11 hypo samples),"Genotyping/passage: WT-11 P14+18, 5319, 4517 (labeled 4157 in one spot, likely typo for 4517); vLH92 virus used; combined plates with Anouk's; DPR = dipeptide repeat treatment (PR30/GR30/GP30)"
20240610MN,"20240610EB_MN (TDP43, qPCR)",2024-06-10 - 2024-07-18,etr_DZCqYUOa,"WT-11, 5319, 4517",6/10 differentiate with T2 (start),6/12 T2->T3,6/14 T3->T4,6/17 T4->T5,6/19 T5->T6,6/21 T6->T6,6/24 T6->T7 + dissociate & plate with T7 (+vLH92 virus 4uL/well),6/26 T7->BP T8,6/28 BP T8 400->500uL,7/1 BP T8 400->500uL,"7/2 PLATE B: hypo treat row A(700uL,5:35pm)/row B(600uL,4:30pm), wash & freeze -80","7/3 PLATE A imaging (SirDNA+drug: Importazole/Verdinexor, ND acquisition)",,,,,,,,,,,,,6/26 hypo media treatment (row A 700uL at 5:35pm) on PLATE B,PLATE A = WT-11 for TDP-43 localization (+vLH92); PLATE B = RNA extraction (5319/4517 hypo conditions); companion/paired batch to 20240603 entry for qPCR
20240610MN,"20240610EB_MN (TDP43, qPCR)",2024-06-10 - 2024-07-18,etr_DZCqYUOa,"WT-11, 5319, 4517",6/10 differentiate with T2 (start),6/12 T2->T3,6/14 T3->T4,6/17 T4->T5,6/19 T5->T6,6/21 T6->T6,6/24 T6->T7 + dissociate & plate with T7 (+vLH92 virus 4uL/well),6/26 T7->BP T8,6/28 BP T8 400->500uL,7/1 BP T8 400->500uL,"7/2 PLATE B: hypo treat row A(700uL,5:35pm)/row B(600uL,4:30pm), wash & freeze -80","7/3 PLATE A imaging (SirDNA+drug: Importazole/Verdinexor, ND acquisition)",,,,,,,,,,,,,"6/28 PLATE B row B hypo treatment, wash/freeze cells for RNA",PLATE A = WT-11 for TDP-43 localization (+vLH92); PLATE B = RNA extraction (5319/4517 hypo conditions); companion/paired batch to 20240603 entry for qPCR
20240610MN,"20240610EB_MN (TDP43, qPCR)",2024-06-10 - 2024-07-18,etr_DZCqYUOa,"WT-11, 5319, 4517",6/10 differentiate with T2 (start),6/12 T2->T3,6/14 T3->T4,6/17 T4->T5,6/19 T5->T6,6/21 T6->T6,6/24 T6->T7 + dissociate & plate with T7 (+vLH92 virus 4uL/well),6/26 T7->BP T8,6/28 BP T8 400->500uL,7/1 BP T8 400->500uL,"7/2 PLATE B: hypo treat row A(700uL,5:35pm)/row B(600uL,4:30pm), wash & freeze -80","7/3 PLATE A imaging (SirDNA+drug: Importazole/Verdinexor, ND acquisition)",,,,,,,,,,,,,"PLATE A TDP-43 localization imaging with SirDNA, Importazole and Verdinexor drug treatments (spinning disk, ND sequencing)",PLATE A = WT-11 for TDP-43 localization (+vLH92); PLATE B = RNA extraction (5319/4517 hypo conditions); companion/paired batch to 20240603 entry for qPCR
20240610MN,"20240610EB_MN (TDP43, qPCR)",2024-06-10 - 2024-07-18,etr_DZCqYUOa,"WT-11, 5319, 4517",6/10 differentiate with T2 (start),6/12 T2->T3,6/14 T3->T4,6/17 T4->T5,6/19 T5->T6,6/21 T6->T6,6/24 T6->T7 + dissociate & plate with T7 (+vLH92 virus 4uL/well),6/26 T7->BP T8,6/28 BP T8 400->500uL,7/1 BP T8 400->500uL,"7/2 PLATE B: hypo treat row A(700uL,5:35pm)/row B(600uL,4:30pm), wash & freeze -80","7/3 PLATE A imaging (SirDNA+drug: Importazole/Verdinexor, ND acquisition)",,,,,,,,,,,,,"7/18 RNA extraction (PureLink, 5319/4517), RT and qPCR (done together with 0603MN entry)",PLATE A = WT-11 for TDP-43 localization (+vLH92); PLATE B = RNA extraction (5319/4517 hypo conditions); companion/paired batch to 20240603 entry for qPCR
20240617MN,20240617EB_MN (DPR),2024-06-17 - 2024-07-12,etr_aF5Wn8xw,WT-11,6/17 differentiate with T2 (start),6/19 T2->T3,6/21 T3->T4,6/24 T4->T5,6/26 T5->T6,6/28 T6->T6,7/1 T6->T7,7/2 plate 400K cells into 8 wells +virus (110/111),7/3 T7->T7,7/5 T7->BP T8,7/8 BP T8 400->500uL,7/10 BP T8 400->500uL,7/12 BP T8 400->500uL,,,,,,,,,,,,"7/10 DPR imaging (PR30/GR30/GP30 drugs, spinning disk confocal, ND sequencing, sequential group1/group2 treatment-imaging)","WT-11 only, P34; 400K cells/8 wells with 14uL virus (110 or 111) per 4 wells"
20240624MN,20240624EB_MN (TDP43),2024-06-24 - 2024-07-19,etr_KG0UskFC,not specified,6/24 differentiate with T2 (start),6/26 T2->T3,6/28 T3->T4,7/1 T4->T5,7/3 T5->T6,7/5 T6->T6,7/8 T6->T7,7/10 T7->T7 (+virus),7/12 T7->BP T8,7/15 BP T8 400->500uL,7/17 BP T8 400->500uL,7/19 BP T8 350->500uL,,,,,,,,,,,,,No specific assay/imaging steps recorded beyond media changes through 7/19,Minimal detail entry - largely a media-change log; no experiment section filled in
20240624MN,20240624EB_MN (TDP43),2024-06-24 - 2024-07-19,etr_KG0UskFC,not specified,6/24 differentiate with T2 (start),6/26 T2->T3,6/28 T3->T4,7/1 T4->T5,7/3 T5->T6,7/5 T6->T6,7/8 T6->T7,7/10 T7->T7 (+virus),7/12 T7->BP T8,7/15 BP T8 400->500uL,7/17 BP T8 400->500uL,7/19 BP T8 350->500uL,,,,,,,,,,,,,entry appears to end at media maintenance (protocol likely continues in a linked/companion entry),Minimal detail entry - largely a media-change log; no experiment section filled in
20240812MN,"20240812EB_MN WT-11 (DPR, hypo-glu-rescue)",2024-08-12 - 2024-09-06,etr_LVE9YMTK,WT-11,8/12 differentiate with T2 (start),8/14 T2->T3,8/16 T3->T4,8/19 T4->T5,8/21 T5->T6,8/23 T6->T6,8/26 T6->T7,8/27 T7->T7,8/29 T7->BP T8,8/30 BP T8 400->500uL,9/2 BP T8 400->500uL,9/4 BP T8 400->500uL,9/5 treat C2/C4 with Hypo-Glu (0.15mM glucose) 5:30-6:30pm then back to BP T8,9/6 imaging endpoint (conditions: NT/PR30/GR30/GP30/hypo1h/hypo1h+24h rescue),,,,,,,,,,,9/4-9/5 hypo-glucose (0.15mM) rescue treatment on C2 and C4 (1h hypo then back to BP T8),WT-11 (NYU92) P13; DPR drugs (PR30/GR30/GP30) and hypoglycemia-rescue conditions tested
20240812MN,"20240812EB_MN WT-11 (DPR, hypo-glu-rescue)",2024-08-12 - 2024-09-06,etr_LVE9YMTK,WT-11,8/12 differentiate with T2 (start),8/14 T2->T3,8/16 T3->T4,8/19 T4->T5,8/21 T5->T6,8/23 T6->T6,8/26 T6->T7,8/27 T7->T7,8/29 T7->BP T8,8/30 BP T8 400->500uL,9/2 BP T8 400->500uL,9/4 BP T8 400->500uL,9/5 treat C2/C4 with Hypo-Glu (0.15mM glucose) 5:30-6:30pm then back to BP T8,9/6 imaging endpoint (conditions: NT/PR30/GR30/GP30/hypo1h/hypo1h+24h rescue),,,,,,,,,,,"9/6 conditions plate set up: NT/PR30/GR30/GP30 1uM, hypo 1h, hypo 1h + 24h rescue",WT-11 (NYU92) P13; DPR drugs (PR30/GR30/GP30) and hypoglycemia-rescue conditions tested
20240819MN,"20240819EB_MN (NCT, TDP43)",2024-08-19 - 2024-09-11,etr_7QRw2YPj,WT-11,8/19 differentiate with T2 (start),8/21 T2->T3,8/23 T3->T4,8/26 T4->T5,8/28 T5->T6,8/30 T6->T6,9/2 T6->T6,"9/3 dissociate & plate EBs with T7 (WT11 P19, no virus)",9/4 T7->T7 (row A-B of Well1),9/5 T7->BP T8 (rest of wells),9/6 BP T8 400->500uL,9/9 BP T8 400->500uL,9/11 BP T8 400->500uL,,,,,,,,,,,,No explicit imaging/assay steps recorded beyond media changes (NCT/TDP43 experiments implied by title but not detailed in extracted text through 9/11),WT-11 P19; virus 110/111 (15uL each); no virus condition also included
20240826MN,"20240826EB_MN (GEM, TDP43, viability, ATP/ADP)",2024-08-26 - 2024-09-18,etr_bm5I3376,WT-11,8/26 differentiate with T2 (start),8/28 T2->T3,8/30 T3->T4,9/2 T4->T5,9/4 T5->T6,9/6 T6->T6,9/9 T6->T7,9/10 T7->T7 (+virus),9/11 T7->BP T8 (no virus),9/12 T7->BP T8 (+virus),9/13 BP T8 400->500uL,9/16 BP T8 400->500uL,9/18 BP T8 400->500uL,,,,,,,,,,,,9/16-9/18 stress/rescue assay: BP vs hypo 1h vs hypo 24h conditions with 1h and 24h rescue,WT-11 (NYU92) P14; conditions: BP/hypo1h/hypo24h with stress and 24h rescue; combined GEM/IF/viability/ATP-ADP/TDP43 readouts
20240826MN,"20240826EB_MN (GEM, TDP43, viability, ATP/ADP)",2024-08-26 - 2024-09-18,etr_bm5I3376,WT-11,8/26 differentiate with T2 (start),8/28 T2->T3,8/30 T3->T4,9/2 T4->T5,9/4 T5->T6,9/6 T6->T6,9/9 T6->T7,9/10 T7->T7 (+virus),9/11 T7->BP T8 (no virus),9/12 T7->BP T8 (+virus),9/13 BP T8 400->500uL,9/16 BP T8 400->500uL,9/18 BP T8 400->500uL,,,,,,,,,,,,"GEM imaging (cytoGEM, vLH51 GEM sensor)",WT-11 (NYU92) P14; conditions: BP/hypo1h/hypo24h with stress and 24h rescue; combined GEM/IF/viability/ATP-ADP/TDP43 readouts
20240826MN,"20240826EB_MN (GEM, TDP43, viability, ATP/ADP)",2024-08-26 - 2024-09-18,etr_bm5I3376,WT-11,8/26 differentiate with T2 (start),8/28 T2->T3,8/30 T3->T4,9/2 T4->T5,9/4 T5->T6,9/6 T6->T6,9/9 T6->T7,9/10 T7->T7 (+virus),9/11 T7->BP T8 (no virus),9/12 T7->BP T8 (+virus),9/13 BP T8 400->500uL,9/16 BP T8 400->500uL,9/18 BP T8 400->500uL,,,,,,,,,,,,IF,WT-11 (NYU92) P14; conditions: BP/hypo1h/hypo24h with stress and 24h rescue; combined GEM/IF/viability/ATP-ADP/TDP43 readouts
20240826MN,"20240826EB_MN (GEM, TDP43, viability, ATP/ADP)",2024-08-26 - 2024-09-18,etr_bm5I3376,WT-11,8/26 differentiate with T2 (start),8/28 T2->T3,8/30 T3->T4,9/2 T4->T5,9/4 T5->T6,9/6 T6->T6,9/9 T6->T7,9/10 T7->T7 (+virus),9/11 T7->BP T8 (no virus),9/12 T7->BP T8 (+virus),9/13 BP T8 400->500uL,9/16 BP T8 400->500uL,9/18 BP T8 400->500uL,,,,,,,,,,,,viability and ATP/ADP + TDP43 assays (rescue performed in the same wells),WT-11 (NYU92) P14; conditions: BP/hypo1h/hypo24h with stress and 24h rescue; combined GEM/IF/viability/ATP-ADP/TDP43 readouts
20240903MN,20240903EB_MN (nuclear-cyto-extraction),2024-09-03 - 2024-09-25,etr_tSWU7PGZ,not specified,9/3 differentiate with T2 (start),9/5 T2->T3,9/7 T3->T4,9/9 T4->T5,9/11 T5->T6,9/13 T6->T6,9/16 T6->T7,9/17 T7->T7 (Plate A rows A&B),9/18 T7->BP T8 (no virus),9/20 BP T8 400->500uL,9/23 BP T8 400->500uL,9/24 treat Plate B A3/B3 hypo 3:30pm + rest BP T8 400->500uL,9/25 Plate A B2/4 hypo 7pm + rescue 8pm (24h rescue),Plate B treat A1/B1 BP T8 & A2/B2 hypo 2:30p then collect cells 3:30p (nuclear/cyto extraction),,,,,,,,,,,"9/17-9/18 Plate A/B drug and hypo/rescue treatments (BP, hypo 1h, hypo1h+1h rescue, hypo1h+24h rescue, BP+IPZ (Importazole), hypo+Verdinexor 150nM 3h)",virus 110/111 used on Plate A; multiple hypo/rescue/drug conditions across Plate A and B; nuclear vs cytoplasmic fractionation performed
20240903MN,20240903EB_MN (nuclear-cyto-extraction),2024-09-03 - 2024-09-25,etr_tSWU7PGZ,not specified,9/3 differentiate with T2 (start),9/5 T2->T3,9/7 T3->T4,9/9 T4->T5,9/11 T5->T6,9/13 T6->T6,9/16 T6->T7,9/17 T7->T7 (Plate A rows A&B),9/18 T7->BP T8 (no virus),9/20 BP T8 400->500uL,9/23 BP T8 400->500uL,9/24 treat Plate B A3/B3 hypo 3:30pm + rest BP T8 400->500uL,9/25 Plate A B2/4 hypo 7pm + rescue 8pm (24h rescue),Plate B treat A1/B1 BP T8 & A2/B2 hypo 2:30p then collect cells 3:30p (nuclear/cyto extraction),,,,,,,,,,,9/23-9/25 nuclear/cytoplasmic protein extraction (NE-PER kit) on treated cells for downstream analysis,virus 110/111 used on Plate A; multiple hypo/rescue/drug conditions across Plate A and B; nuclear vs cytoplasmic fractionation performed
20240909MN,20240909EB_MN (solubility),2024-09-09 - 2024-10-04,etr_yPOYIytM,not specified,9/9 differentiate with T2 (start),9/11 T2->T3,9/13 T3->T4,9/16 T4->T5,9/18 T5->T6,9/20 T6->T6,9/23 T6->T7,9/25 T7->BP T8,9/27 BP T8 400->500uL,9/30 BP T8 400->500uL,10/1 treat hypo for B3 at 2pm,10/2 BP T8 400->500uL for A1-3 (note: should have been hypo for A3),"10/3 B1 BP@12:50p then BP@1:50p, B2 hypo(0.15mM)@12:50p then BP@1:50p","10/4 A1 BP@1:15p, A2&A3 hypo@1:15p",,,,,,,,,,,9/25-9/27 hypo (0.15mM) treatment with BP/hypo 1h/hypo 24h conditions plus 24h rescue variants,Note: mistake made in condition A3 (should have been changed to hypo but wasn't); insoluble pellet difficult to resuspend/break down in Urea+DTT; protein stored at -80C for blotting
20240909MN,20240909EB_MN (solubility),2024-09-09 - 2024-10-04,etr_yPOYIytM,not specified,9/9 differentiate with T2 (start),9/11 T2->T3,9/13 T3->T4,9/16 T4->T5,9/18 T5->T6,9/20 T6->T6,9/23 T6->T7,9/25 T7->BP T8,9/27 BP T8 400->500uL,9/30 BP T8 400->500uL,10/1 treat hypo for B3 at 2pm,10/2 BP T8 400->500uL for A1-3 (note: should have been hypo for A3),"10/3 B1 BP@12:50p then BP@1:50p, B2 hypo(0.15mM)@12:50p then BP@1:50p","10/4 A1 BP@1:15p, A2&A3 hypo@1:15p",,,,,,,,,,,~9/30-10/4 soluble/insoluble protein extraction (RIPA/Urea fractionation) and Western blot for TDP-43 and TUBB3,Note: mistake made in condition A3 (should have been changed to hypo but wasn't); insoluble pellet difficult to resuspend/break down in Urea+DTT; protein stored at -80C for blotting
20241028MN,20241028EB_MN (qPCR),2024-10-28 - 2024-11-20,etr_GYV4co2n,not specified,10/28 differentiate with T2 (start),10/30 T2->T3,11/1 T3->T4,11/4 T4->T5,11/6 T5->T6,11/8 T6->T6,11/11 T6->T7,"11/13 plate cells into 1 full 6-well dish for QPCR, T7->BP T8",11/15 BP T8 400->500uL,11/18 BP T8 400->500uL,11/20 BP T8 400->500uL for A1-3 and B1-2,treat B3 with hypo,,,,,,,,,,,,,"11/13-11/18 hypo dose/time-course conditions set up (2.5mM 1h, 0.15mM 1h, 0.15mM 24h, each ± 24h rescue) for qPCR",Note: cell plating into 2 tubes 'did not work very well'; one full 6-well plate plated specifically for qPCR
20241028MN,20241028EB_MN (qPCR),2024-10-28 - 2024-11-20,etr_GYV4co2n,not specified,10/28 differentiate with T2 (start),10/30 T2->T3,11/1 T3->T4,11/4 T4->T5,11/6 T5->T6,11/8 T6->T6,11/11 T6->T7,"11/13 plate cells into 1 full 6-well dish for QPCR, T7->BP T8",11/15 BP T8 400->500uL,11/18 BP T8 400->500uL,11/20 BP T8 400->500uL for A1-3 and B1-2,treat B3 with hypo,,,,,,,,,,,,,11/20 B3 treated with hypo (time noted as illegible/'aou'),Note: cell plating into 2 tubes 'did not work very well'; one full 6-well plate plated specifically for qPCR
20241105MN,"20241105EB_MN (TDP43 w/ Thiamet-G and Ver, NCT with rescue)",2024-11-05 - 2024-11-29,etr_TJqHfXYf,not specified,11/5 differentiate with T2 (start),11/7 T2->T3,11/9 T3->T4,11/11 T4->T5,11/13 T5->T6,11/15 T6->T6,11/18 T6->T7,"11/19 T7->T7 (+virus, uncertain if media was changed)",11/20 T7->BP T8,11/22 T8->T8 (all,"accidental hypo exposure ~3min, corrected with 500uL T8/well)",11/25 BP T8 200uL->300uL,"11/27 condition4 (0.15mM+24h rescue) hypo treat 15:00, rescue 16:00",11/28 media correction change at 14:05,,,,,,,,,,,"11/27-11/29 TDP43/NCT (nuclear-cytoplasmic transport) live imaging with rescue conditions: BP (2.5mM), hypo (0.15mM), hypo+Verdinexor 150nM, hypo+Thiamet-G 10uM","Do NOT use 24h timepoint data (cells unhealthy, media volume insufficient); virus 110 (well B) and 111 (well C) used; Thiamet-G and Verdinexor rescue drugs tested"
20241105MN,"20241105EB_MN (TDP43 w/ Thiamet-G and Ver, NCT with rescue)",2024-11-05 - 2024-11-29,etr_TJqHfXYf,not specified,11/5 differentiate with T2 (start),11/7 T2->T3,11/9 T3->T4,11/11 T4->T5,11/13 T5->T6,11/15 T6->T6,11/18 T6->T7,"11/19 T7->T7 (+virus, uncertain if media was changed)",11/20 T7->BP T8,11/22 T8->T8 (all,"accidental hypo exposure ~3min, corrected with 500uL T8/well)",11/25 BP T8 200uL->300uL,"11/27 condition4 (0.15mM+24h rescue) hypo treat 15:00, rescue 16:00",11/28 media correction change at 14:05,,,,,,,,,,,JFX650/SPY595 dye labeling,"Do NOT use 24h timepoint data (cells unhealthy, media volume insufficient); virus 110 (well B) and 111 (well C) used; Thiamet-G and Verdinexor rescue drugs tested"
20241105MN,"20241105EB_MN (TDP43 w/ Thiamet-G and Ver, NCT with rescue)",2024-11-05 - 2024-11-29,etr_TJqHfXYf,not specified,11/5 differentiate with T2 (start),11/7 T2->T3,11/9 T3->T4,11/11 T4->T5,11/13 T5->T6,11/15 T6->T6,11/18 T6->T7,"11/19 T7->T7 (+virus, uncertain if media was changed)",11/20 T7->BP T8,11/22 T8->T8 (all,"accidental hypo exposure ~3min, corrected with 500uL T8/well)",11/25 BP T8 200uL->300uL,"11/27 condition4 (0.15mM+24h rescue) hypo treat 15:00, rescue 16:00",11/28 media correction change at 14:05,,,,,,,,,,,imaged at 1h/3h/24h timepoints (24h data flagged do-not-use due to unhealthy cells/insufficient media),"Do NOT use 24h timepoint data (cells unhealthy, media volume insufficient); virus 110 (well B) and 111 (well C) used; Thiamet-G and Verdinexor rescue drugs tested"
20250210MN,20250210EB_MN,2025-02-10 - 2025-03-07,etr_s4MOcm2L,"vLH92, vLH110, vLH111, vLH129",2/10 differentiate with T2 (start),2/12 T2->T3,2/14 T3->T4,2/17 T4->T5,2/19 T5->T6,2/21 T6->T6,2/24 T6->T7,2/24 plate cells with T7 (plate A/B/C,"re-plated 6 wells of A into A+4 wells of B, 6 wells of B into 12 wells of B)",2/25 T7->T7,"2/27 T7->BP T8, gave plate A to Fra to add astrocyte",2/28 BP T8 -200uL+300uL,3/1 BP T8 200uL->300uL,3/3 treat 0.1ug/mL dox to plate C,"3/4 plate C didn't express ER-GEM, add 1ug/mL dox instead",3/5 BP T8 200uL->300uL,3/6 plate C express ER-GEM,,,,,,,,"3/5-3/7 live imaging: astrocyte co-culture (Plate A given to Fra), TIC (thiamine induced cleavage?) reporter, 4AP, TTX, Thiamet-G, DMSO conditions on vLH92/vLH110/vLH111/vLH129 reporter lines","DO NOT USE - explicit note at top: 'do not use due to the bleedthrough from the microscope'; vLH110/vLH111 not imaged at the end; Plate A/B cells (rows A/B) looked bad; documented bleedthrough issues (GFP->Cy5, DsRed->Dapi-GFPem)"
20250210MN,20250210EB_MN,2025-02-10 - 2025-03-07,etr_s4MOcm2L,"vLH92, vLH110, vLH111, vLH129",2/10 differentiate with T2 (start),2/12 T2->T3,2/14 T3->T4,2/17 T4->T5,2/19 T5->T6,2/21 T6->T6,2/24 T6->T7,2/24 plate cells with T7 (plate A/B/C,"re-plated 6 wells of A into A+4 wells of B, 6 wells of B into 12 wells of B)",2/25 T7->T7,"2/27 T7->BP T8, gave plate A to Fra to add astrocyte",2/28 BP T8 -200uL+300uL,3/1 BP T8 200uL->300uL,3/3 treat 0.1ug/mL dox to plate C,"3/4 plate C didn't express ER-GEM, add 1ug/mL dox instead",3/5 BP T8 200uL->300uL,3/6 plate C express ER-GEM,,,,,,,,dual-camera GFP/Cy5/DsRed/Dapi-GFPem imaging,"DO NOT USE - explicit note at top: 'do not use due to the bleedthrough from the microscope'; vLH110/vLH111 not imaged at the end; Plate A/B cells (rows A/B) looked bad; documented bleedthrough issues (GFP->Cy5, DsRed->Dapi-GFPem)"
20250217MN,20250217EB_MN (qPCR),2025-02-17 - 2025-03-24,etr_5v4CIxfs,WT-11,2/17 differentiate with T2 (start),2/19 T2->T3,2/21 T3->T4,2/24 T4->T5,2/26 T5->T6,2/28 T6->T6,3/3 T6->T7,3/5 T7->T7,3/6 T7->BP T8,3/8 BP T8 -700uL+800uL,3/10 BP T8 700uL->800uL (x2 wells),3/12 treat well1 A3&B3 with hypo (11:30am/3:30pm),"3/13 well1 A1,2&B1,2 BP/hypo 1h (10:30am/2:30pm) then rescue (11:30am/3:30pm)","3/14 well2 hypo treat (11:30am/3:30pm), well2 A1,2 BP/hypo (10:30am/2:30pm), all wells frozen (11:30/3:30pm)",,,,,,,,,,,"3/10-3/12 hypo/rescue treatment (BP 1h, hypo 1h, hypo 24h, each +24h rescue) on Well1/Well2",TRIzol froze in -80 causing delay; RNA precipitation incubated -20C o/n instead of 4C to improve yield; qPCR compared new WT-11 hypo/rescue samples against older 5319/4517 hypo samples from 20240603 batch
20250217MN,20250217EB_MN (qPCR),2025-02-17 - 2025-03-24,etr_5v4CIxfs,WT-11,2/17 differentiate with T2 (start),2/19 T2->T3,2/21 T3->T4,2/24 T4->T5,2/26 T5->T6,2/28 T6->T6,3/3 T6->T7,3/5 T7->T7,3/6 T7->BP T8,3/8 BP T8 -700uL+800uL,3/10 BP T8 700uL->800uL (x2 wells),3/12 treat well1 A3&B3 with hypo (11:30am/3:30pm),"3/13 well1 A1,2&B1,2 BP/hypo 1h (10:30am/2:30pm) then rescue (11:30am/3:30pm)","3/14 well2 hypo treat (11:30am/3:30pm), well2 A1,2 BP/hypo (10:30am/2:30pm), all wells frozen (11:30/3:30pm)",,,,,,,,,,,3/21-3/22 RNA extraction (TRIzol),TRIzol froze in -80 causing delay; RNA precipitation incubated -20C o/n instead of 4C to improve yield; qPCR compared new WT-11 hypo/rescue samples against older 5319/4517 hypo samples from 20240603 batch
20250217MN,20250217EB_MN (qPCR),2025-02-17 - 2025-03-24,etr_5v4CIxfs,WT-11,2/17 differentiate with T2 (start),2/19 T2->T3,2/21 T3->T4,2/24 T4->T5,2/26 T5->T6,2/28 T6->T6,3/3 T6->T7,3/5 T7->T7,3/6 T7->BP T8,3/8 BP T8 -700uL+800uL,3/10 BP T8 700uL->800uL (x2 wells),3/12 treat well1 A3&B3 with hypo (11:30am/3:30pm),"3/13 well1 A1,2&B1,2 BP/hypo 1h (10:30am/2:30pm) then rescue (11:30am/3:30pm)","3/14 well2 hypo treat (11:30am/3:30pm), well2 A1,2 BP/hypo (10:30am/2:30pm), all wells frozen (11:30/3:30pm)",,,,,,,,,,,"RT (Maxima H Minus) and qPCR (STMN2, STMN2-cry, UNC13A, UNC13A-cry, ACTB, GAPDH) run 3/24, compared against archived 240603EB samples (4517/5319)",TRIzol froze in -80 causing delay; RNA precipitation incubated -20C o/n instead of 4C to improve yield; qPCR compared new WT-11 hypo/rescue samples against older 5319/4517 hypo samples from 20240603 batch
20250224MN,20250224EB_MN (GC-MS),2025-02-24 - 2025-03-26,etr_ljrpExSs,not specified (vLH92 mentioned for imaging),2/24 differentiate with T2 (start),2/26 T2->T3,2/28 T3->T4,3/3 T4->T5,3/5 T5->T6,3/7 T6->T6,3/10 T6->T7,3/12 T7->T7,3/13 T7->BP T8,3/15 BP T8 700uL->800uL,3/17 BP T8 700uL->800uL,3/18 BP T8 700uL->800uL,3/19 change media to heavy (isotope) glucose ~2:30pm,3/22 GC-MS extraction with Zixuan,3/26 imaging plate B (failed,new vLH92 didn't work),,,,,,,,,"3/17 heavy/labeled glucose media change (2.5mM BP T8, 0.15mM C12-glucose, 2.5mM C13-glucose, 0.15mM C13-glucose) for isotope tracing","Fewer EBs than usual this batch; Plate B imaging failed due to poor vLH92 expression; follow-up recommendations: avoid Na pyruvate in media, add coating/media-only controls, check BrainPhys/StemFlex composition"
20250224MN,20250224EB_MN (GC-MS),2025-02-24 - 2025-03-26,etr_ljrpExSs,not specified (vLH92 mentioned for imaging),2/24 differentiate with T2 (start),2/26 T2->T3,2/28 T3->T4,3/3 T4->T5,3/5 T5->T6,3/7 T6->T6,3/10 T6->T7,3/12 T7->T7,3/13 T7->BP T8,3/15 BP T8 700uL->800uL,3/17 BP T8 700uL->800uL,3/18 BP T8 700uL->800uL,3/19 change media to heavy (isotope) glucose ~2:30pm,3/22 GC-MS extraction with Zixuan,3/26 imaging plate B (failed,new vLH92 didn't work),,,,,,,,,3/18 GC-MS metabolite extraction (with Zixuan),"Fewer EBs than usual this batch; Plate B imaging failed due to poor vLH92 expression; follow-up recommendations: avoid Na pyruvate in media, add coating/media-only controls, check BrainPhys/StemFlex composition"
20250224MN,20250224EB_MN (GC-MS),2025-02-24 - 2025-03-26,etr_ljrpExSs,not specified (vLH92 mentioned for imaging),2/24 differentiate with T2 (start),2/26 T2->T3,2/28 T3->T4,3/3 T4->T5,3/5 T5->T6,3/7 T6->T6,3/10 T6->T7,3/12 T7->T7,3/13 T7->BP T8,3/15 BP T8 700uL->800uL,3/17 BP T8 700uL->800uL,3/18 BP T8 700uL->800uL,3/19 change media to heavy (isotope) glucose ~2:30pm,3/22 GC-MS extraction with Zixuan,3/26 imaging plate B (failed,new vLH92 didn't work),,,,,,,,,"3/18 imaging attempt on Plate B (failed - new vLH92 didn't express, <5 signal-positive cells found)","Fewer EBs than usual this batch; Plate B imaging failed due to poor vLH92 expression; follow-up recommendations: avoid Na pyruvate in media, add coating/media-only controls, check BrainPhys/StemFlex composition"
20250224MN,20250224EB_MN (GC-MS),2025-02-24 - 2025-03-26,etr_ljrpExSs,not specified (vLH92 mentioned for imaging),2/24 differentiate with T2 (start),2/26 T2->T3,2/28 T3->T4,3/3 T4->T5,3/5 T5->T6,3/7 T6->T6,3/10 T6->T7,3/12 T7->T7,3/13 T7->BP T8,3/15 BP T8 700uL->800uL,3/17 BP T8 700uL->800uL,3/18 BP T8 700uL->800uL,3/19 change media to heavy (isotope) glucose ~2:30pm,3/22 GC-MS extraction with Zixuan,3/26 imaging plate B (failed,new vLH92 didn't work),,,,,,,,,"GC result discussion of labeling patterns (pyruvate, alanine, glycine, valine, succinate, glutamate, citrate)","Fewer EBs than usual this batch; Plate B imaging failed due to poor vLH92 expression; follow-up recommendations: avoid Na pyruvate in media, add coating/media-only controls, check BrainPhys/StemFlex composition"
20250303MN,20250303EB_MN (GC-MS),2025-03-03 - 2025-04-11,etr_Fm2FPWPv,WT-11 (Halo-Tag-TARDBP N-term),3/3 differentiate with T2 (start),3/5 T2->T3,3/7 T3->T4,3/10 T4->T5,3/12 T5->T6,3/14 T6->T6,3/17 T6->T7,3/19 T7->T7,3/20 note: plate coated 3/10 has better cells (consider coating over weekend),3/22 T7->BP T8,3/24 BP T8 700uL->800uL,3/25 BP T8 700uL->800uL,"3/26 thaw new iPSC (WT-11 P16 Halo-TARDBP N-term) into StemFlex+ROCKi, switch iPSC media to StemFlex only, MN BP T8 700uL->800uL, split iPSC into 7 wells, prep isotope-glucose media for GC-MS",3/27 treat cells (MN & iPSC) 24h with C12/C13-glucose media (2.5mM/0.15mM in DMEM),3/28 GC-MS extraction trial#2,,,,,,,,,,"3/22-3/27 isotope tracing glucose treatments (2.5/20/0.15mM C13-glucose and 2.5mM C12-glucose, 1h and 24h) on MN and iPSC samples plus coating-only and media-only controls","Used Neurobasal-A without glucose/Na-pyruvate this round (protocol refinement from 20250224 batch); new WT-11 hiPSC line (Halo-Tag-TARDBP N-term, P16) thawed 3/19 for parallel iPSC comparison; extensive GC-MS metabolic analysis with Pacold lab follow-up planned"
20250303MN,20250303EB_MN (GC-MS),2025-03-03 - 2025-04-11,etr_Fm2FPWPv,WT-11 (Halo-Tag-TARDBP N-term),3/3 differentiate with T2 (start),3/5 T2->T3,3/7 T3->T4,3/10 T4->T5,3/12 T5->T6,3/14 T6->T6,3/17 T6->T7,3/19 T7->T7,3/20 note: plate coated 3/10 has better cells (consider coating over weekend),3/22 T7->BP T8,3/24 BP T8 700uL->800uL,3/25 BP T8 700uL->800uL,"3/26 thaw new iPSC (WT-11 P16 Halo-TARDBP N-term) into StemFlex+ROCKi, switch iPSC media to StemFlex only, MN BP T8 700uL->800uL, split iPSC into 7 wells, prep isotope-glucose media for GC-MS",3/27 treat cells (MN & iPSC) 24h with C12/C13-glucose media (2.5mM/0.15mM in DMEM),3/28 GC-MS extraction trial#2,,,,,,,,,,3/28 GC-MS extraction trial #2,"Used Neurobasal-A without glucose/Na-pyruvate this round (protocol refinement from 20250224 batch); new WT-11 hiPSC line (Halo-Tag-TARDBP N-term, P16) thawed 3/19 for parallel iPSC comparison; extensive GC-MS metabolic analysis with Pacold lab follow-up planned"
20250303MN,20250303EB_MN (GC-MS),2025-03-03 - 2025-04-11,etr_Fm2FPWPv,WT-11 (Halo-Tag-TARDBP N-term),3/3 differentiate with T2 (start),3/5 T2->T3,3/7 T3->T4,3/10 T4->T5,3/12 T5->T6,3/14 T6->T6,3/17 T6->T7,3/19 T7->T7,3/20 note: plate coated 3/10 has better cells (consider coating over weekend),3/22 T7->BP T8,3/24 BP T8 700uL->800uL,3/25 BP T8 700uL->800uL,"3/26 thaw new iPSC (WT-11 P16 Halo-TARDBP N-term) into StemFlex+ROCKi, switch iPSC media to StemFlex only, MN BP T8 700uL->800uL, split iPSC into 7 wells, prep isotope-glucose media for GC-MS",3/27 treat cells (MN & iPSC) 24h with C12/C13-glucose media (2.5mM/0.15mM in DMEM),3/28 GC-MS extraction trial#2,,,,,,,,,,"4/11 GC-MS data analysis of metabolite labeling patterns (pyruvate, lactate, alanine, glycine, valine, succinate, etc.) across MN, iPSC, coating and media control samples","Used Neurobasal-A without glucose/Na-pyruvate this round (protocol refinement from 20250224 batch); new WT-11 hiPSC line (Halo-Tag-TARDBP N-term, P16) thawed 3/19 for parallel iPSC comparison; extensive GC-MS metabolic analysis with Pacold lab follow-up planned"
20250310MN,"20250310EB_MN (CellTiter-Glo, RNA, imaging)",2025-03-10 - 2025-04-04,etr_lR7yIaLW,"not specified (vLH92, vLH110, vLH111, vLH129, vLH165 used)",3/10 differentiate with T2 (start),3/12 T2->T3,3/14 T3->T4,3/17 T4->T5,3/19 T5->T6,3/21 T6->T6,3/24 T6->T7,3/25 T7->T7 (plate B),"3/26 T7->T7 (plate A,C","note: plate B B4/C4/D4 died, possible contamination)",3/27 T7->BP T8,3/29 BP T8 1/2->1/2 (half-volume change),3/31 plate C: add 100uL fresh media directly,"4/2 BP T8 1/2->1/2 (x2), prep Neurobasal-A w/o glucose media, treat plate C C1-3/D1-3 @4pm, treat plate A A3 @7:30pm","4/3 CellTiter-Glo assay (plate C), treat plate C A1-3/B1-3 @3pm, RNA extraction plate A (treat A1,2 @6:30pm, Trizol, freeze -80), imaging prep plate B",4/4 imaging plate B (24h timepoint,"cells unhealthy, hypoglycemia wells died)",,,,,,,,"3/31-4/2 hypoglycemia dose/time-course (2.5mM/0.15mM glucose, 1h/24h) prep and treatment across plates A/B/C","DO NOT USE THIS BATCH - explicit note: cells with low/no glucose died, all cells looked unhealthy; Plate B wells B4/C4/D4 died (possible contamination, black particles in media); Plate C wells C1-3/D1-3 died after 24h treatment (do not use that data); import/export reporter experiments did not finish - reporters largely non-functional in unhealthy cells"
20250310MN,"20250310EB_MN (CellTiter-Glo, RNA, imaging)",2025-03-10 - 2025-04-04,etr_lR7yIaLW,"not specified (vLH92, vLH110, vLH111, vLH129, vLH165 used)",3/10 differentiate with T2 (start),3/12 T2->T3,3/14 T3->T4,3/17 T4->T5,3/19 T5->T6,3/21 T6->T6,3/24 T6->T7,3/25 T7->T7 (plate B),"3/26 T7->T7 (plate A,C","note: plate B B4/C4/D4 died, possible contamination)",3/27 T7->BP T8,3/29 BP T8 1/2->1/2 (half-volume change),3/31 plate C: add 100uL fresh media directly,"4/2 BP T8 1/2->1/2 (x2), prep Neurobasal-A w/o glucose media, treat plate C C1-3/D1-3 @4pm, treat plate A A3 @7:30pm","4/3 CellTiter-Glo assay (plate C), treat plate C A1-3/B1-3 @3pm, RNA extraction plate A (treat A1,2 @6:30pm, Trizol, freeze -80), imaging prep plate B",4/4 imaging plate B (24h timepoint,"cells unhealthy, hypoglycemia wells died)",,,,,,,,4/2 CellTiter-Glo ATP viability assay on Plate C with ATP calibration curve,"DO NOT USE THIS BATCH - explicit note: cells with low/no glucose died, all cells looked unhealthy; Plate B wells B4/C4/D4 died (possible contamination, black particles in media); Plate C wells C1-3/D1-3 died after 24h treatment (do not use that data); import/export reporter experiments did not finish - reporters largely non-functional in unhealthy cells"
20250310MN,"20250310EB_MN (CellTiter-Glo, RNA, imaging)",2025-03-10 - 2025-04-04,etr_lR7yIaLW,"not specified (vLH92, vLH110, vLH111, vLH129, vLH165 used)",3/10 differentiate with T2 (start),3/12 T2->T3,3/14 T3->T4,3/17 T4->T5,3/19 T5->T6,3/21 T6->T6,3/24 T6->T7,3/25 T7->T7 (plate B),"3/26 T7->T7 (plate A,C","note: plate B B4/C4/D4 died, possible contamination)",3/27 T7->BP T8,3/29 BP T8 1/2->1/2 (half-volume change),3/31 plate C: add 100uL fresh media directly,"4/2 BP T8 1/2->1/2 (x2), prep Neurobasal-A w/o glucose media, treat plate C C1-3/D1-3 @4pm, treat plate A A3 @7:30pm","4/3 CellTiter-Glo assay (plate C), treat plate C A1-3/B1-3 @3pm, RNA extraction plate A (treat A1,2 @6:30pm, Trizol, freeze -80), imaging prep plate B",4/4 imaging plate B (24h timepoint,"cells unhealthy, hypoglycemia wells died)",,,,,,,,"4/3 RNA extraction (Plate A, TRIzol) and imaging prep (Plate B)","DO NOT USE THIS BATCH - explicit note: cells with low/no glucose died, all cells looked unhealthy; Plate B wells B4/C4/D4 died (possible contamination, black particles in media); Plate C wells C1-3/D1-3 died after 24h treatment (do not use that data); import/export reporter experiments did not finish - reporters largely non-functional in unhealthy cells"
20250310MN,"20250310EB_MN (CellTiter-Glo, RNA, imaging)",2025-03-10 - 2025-04-04,etr_lR7yIaLW,"not specified (vLH92, vLH110, vLH111, vLH129, vLH165 used)",3/10 differentiate with T2 (start),3/12 T2->T3,3/14 T3->T4,3/17 T4->T5,3/19 T5->T6,3/21 T6->T6,3/24 T6->T7,3/25 T7->T7 (plate B),"3/26 T7->T7 (plate A,C","note: plate B B4/C4/D4 died, possible contamination)",3/27 T7->BP T8,3/29 BP T8 1/2->1/2 (half-volume change),3/31 plate C: add 100uL fresh media directly,"4/2 BP T8 1/2->1/2 (x2), prep Neurobasal-A w/o glucose media, treat plate C C1-3/D1-3 @4pm, treat plate A A3 @7:30pm","4/3 CellTiter-Glo assay (plate C), treat plate C A1-3/B1-3 @3pm, RNA extraction plate A (treat A1,2 @6:30pm, Trizol, freeze -80), imaging prep plate B",4/4 imaging plate B (24h timepoint,"cells unhealthy, hypoglycemia wells died)",,,,,,,,"4/4 live imaging (import/export reporter assay with SirDNA/JFX/SPY595, TDP43) on Plate B","DO NOT USE THIS BATCH - explicit note: cells with low/no glucose died, all cells looked unhealthy; Plate B wells B4/C4/D4 died (possible contamination, black particles in media); Plate C wells C1-3/D1-3 died after 24h treatment (do not use that data); import/export reporter experiments did not finish - reporters largely non-functional in unhealthy cells"
20250318MN,"20250318EB_MN (MS, qPCR)",2025-03-18 - 2025-04-11,etr_HmCVFax4,"WT-11 (implied, not explicitly named)",3/18 differentiate with T2 (start),3/20 T2->T3,3/22 T3->T4,3/24 T4->T5,3/26 T5->T6,3/28 T6->T6 (~14mL for over-weekend),3/31 T6->T7,4/2 T7->T7,4/3 T7->BP T8,4/4 700uL BP T8->800uL BP T8,4/7 700uL BP T8->800uL BP T8,4/9 700uL BP T8->800uL BP T8,4/10 treat plate B&C B3 with 0.15mM glucose + LC-MS treatment at 11:10am,4/11 QPCR 24h treatment/collection,,,,,,,,,,,"4/7 LC-MS treatment (11:10am) and metabolite tracing with C12/C13-glucose at 2.5mM/0.15mM +/- Na Pyruvate/N2B27, 24h",Extensive cell death in plate B/C wells (0.15mM/2.5mM C12/C13-glu conditions) attributed to low glucose without pyruvate/N2B27 supplementation; testing whether 0.5mM Na Pyruvate or N2B27 rescues survival at low glucose; same issue seen in prior batch 250310EB_MN
20250318MN,"20250318EB_MN (MS, qPCR)",2025-03-18 - 2025-04-11,etr_HmCVFax4,"WT-11 (implied, not explicitly named)",3/18 differentiate with T2 (start),3/20 T2->T3,3/22 T3->T4,3/24 T4->T5,3/26 T5->T6,3/28 T6->T6 (~14mL for over-weekend),3/31 T6->T7,4/2 T7->T7,4/3 T7->BP T8,4/4 700uL BP T8->800uL BP T8,4/7 700uL BP T8->800uL BP T8,4/9 700uL BP T8->800uL BP T8,4/10 treat plate B&C B3 with 0.15mM glucose + LC-MS treatment at 11:10am,4/11 QPCR 24h treatment/collection,,,,,,,,,,,4/10 qPCR 24h treatment,Extensive cell death in plate B/C wells (0.15mM/2.5mM C12/C13-glu conditions) attributed to low glucose without pyruvate/N2B27 supplementation; testing whether 0.5mM Na Pyruvate or N2B27 rescues survival at low glucose; same issue seen in prior batch 250310EB_MN
20250318MN,"20250318EB_MN (MS, qPCR)",2025-03-18 - 2025-04-11,etr_HmCVFax4,"WT-11 (implied, not explicitly named)",3/18 differentiate with T2 (start),3/20 T2->T3,3/22 T3->T4,3/24 T4->T5,3/26 T5->T6,3/28 T6->T6 (~14mL for over-weekend),3/31 T6->T7,4/2 T7->T7,4/3 T7->BP T8,4/4 700uL BP T8->800uL BP T8,4/7 700uL BP T8->800uL BP T8,4/9 700uL BP T8->800uL BP T8,4/10 treat plate B&C B3 with 0.15mM glucose + LC-MS treatment at 11:10am,4/11 QPCR 24h treatment/collection,,,,,,,,,,,"4/11 LC-MS extraction, qPCR (1h/24h glucose x pyruvate x N2B27 conditions), RNA/TRIZol collection for qPCR",Extensive cell death in plate B/C wells (0.15mM/2.5mM C12/C13-glu conditions) attributed to low glucose without pyruvate/N2B27 supplementation; testing whether 0.5mM Na Pyruvate or N2B27 rescues survival at low glucose; same issue seen in prior batch 250310EB_MN
20250407MN,"20250407EB_MN (celltiter glo, ATP, NCT, GC, RNA)",2025-04-07 - 2025-05-16,etr_GsAk2enq,WT11 (P16+),4/7 differentiate with T2 (start),4/9 T2->T3,4/11 T3->T4 (~14mL for over-weekend),4/14 T4->T5,4/16 T5->T6,4/18 T6->T6 (~14mL for over-weekend),4/21 T6->T7,4/22 T7->T7 (+virus),4/23 T7->T7 (no virus),"4/24 T7->T8 (new no-glu N2B27 recipe, all)",4/28 change media (T8),4/29 prepare 0.15mM T8 media,4/30 CellTiter Glo assay (plate A),5/1 change media 1/2 T8->1/2 T8 + treat plate C/D (glucose/MG-132),5/2 imaging plate B (vLH92 D1-3),,,,,,,,,,"4/28 CellTiter Glo ATP assay (plate A, 1h glucose titration)","Plate B cells unhealthy (many dead cells on cluster); plate A column 7 mostly died; forgot to change media on Saturday; JOBS module imaging software issues (first time use, some acquisition errors); questions raised for Zixuan on GC-MS analysis method"
20250407MN,"20250407EB_MN (celltiter glo, ATP, NCT, GC, RNA)",2025-04-07 - 2025-05-16,etr_GsAk2enq,WT11 (P16+),4/7 differentiate with T2 (start),4/9 T2->T3,4/11 T3->T4 (~14mL for over-weekend),4/14 T4->T5,4/16 T5->T6,4/18 T6->T6 (~14mL for over-weekend),4/21 T6->T7,4/22 T7->T7 (+virus),4/23 T7->T7 (no virus),"4/24 T7->T8 (new no-glu N2B27 recipe, all)",4/28 change media (T8),4/29 prepare 0.15mM T8 media,4/30 CellTiter Glo assay (plate A),5/1 change media 1/2 T8->1/2 T8 + treat plate C/D (glucose/MG-132),5/2 imaging plate B (vLH92 D1-3),,,,,,,,,,4/29-4/30 prepare ATP calibration/glucose dilutions,"Plate B cells unhealthy (many dead cells on cluster); plate A column 7 mostly died; forgot to change media on Saturday; JOBS module imaging software issues (first time use, some acquisition errors); questions raised for Zixuan on GC-MS analysis method"
20250407MN,"20250407EB_MN (celltiter glo, ATP, NCT, GC, RNA)",2025-04-07 - 2025-05-16,etr_GsAk2enq,WT11 (P16+),4/7 differentiate with T2 (start),4/9 T2->T3,4/11 T3->T4 (~14mL for over-weekend),4/14 T4->T5,4/16 T5->T6,4/18 T6->T6 (~14mL for over-weekend),4/21 T6->T7,4/22 T7->T7 (+virus),4/23 T7->T7 (no virus),"4/24 T7->T8 (new no-glu N2B27 recipe, all)",4/28 change media (T8),4/29 prepare 0.15mM T8 media,4/30 CellTiter Glo assay (plate A),5/1 change media 1/2 T8->1/2 T8 + treat plate C/D (glucose/MG-132),5/2 imaging plate B (vLH92 D1-3),,,,,,,,,,"5/1 GC-MS sample extraction (plate C, C12/C13 glucose tracing), RNA extraction (plate D), NCT/live imaging (plate B) with vLH92/vLH110/vLH111 across glucose conditions +/- MG132","Plate B cells unhealthy (many dead cells on cluster); plate A column 7 mostly died; forgot to change media on Saturday; JOBS module imaging software issues (first time use, some acquisition errors); questions raised for Zixuan on GC-MS analysis method"
20250407MN,"20250407EB_MN (celltiter glo, ATP, NCT, GC, RNA)",2025-04-07 - 2025-05-16,etr_GsAk2enq,WT11 (P16+),4/7 differentiate with T2 (start),4/9 T2->T3,4/11 T3->T4 (~14mL for over-weekend),4/14 T4->T5,4/16 T5->T6,4/18 T6->T6 (~14mL for over-weekend),4/21 T6->T7,4/22 T7->T7 (+virus),4/23 T7->T7 (no virus),"4/24 T7->T8 (new no-glu N2B27 recipe, all)",4/28 change media (T8),4/29 prepare 0.15mM T8 media,4/30 CellTiter Glo assay (plate A),5/1 change media 1/2 T8->1/2 T8 + treat plate C/D (glucose/MG-132),5/2 imaging plate B (vLH92 D1-3),,,,,,,,,,"5/2 imaging (vLH110, vLH111) with JOBS/ND acquisition","Plate B cells unhealthy (many dead cells on cluster); plate A column 7 mostly died; forgot to change media on Saturday; JOBS module imaging software issues (first time use, some acquisition errors); questions raised for Zixuan on GC-MS analysis method"
20250407MN,"20250407EB_MN (celltiter glo, ATP, NCT, GC, RNA)",2025-04-07 - 2025-05-16,etr_GsAk2enq,WT11 (P16+),4/7 differentiate with T2 (start),4/9 T2->T3,4/11 T3->T4 (~14mL for over-weekend),4/14 T4->T5,4/16 T5->T6,4/18 T6->T6 (~14mL for over-weekend),4/21 T6->T7,4/22 T7->T7 (+virus),4/23 T7->T7 (no virus),"4/24 T7->T8 (new no-glu N2B27 recipe, all)",4/28 change media (T8),4/29 prepare 0.15mM T8 media,4/30 CellTiter Glo assay (plate A),5/1 change media 1/2 T8->1/2 T8 + treat plate C/D (glucose/MG-132),5/2 imaging plate B (vLH92 D1-3),,,,,,,,,,5/16 GC-MS data analysis practice (isotopomer abundance calculations),"Plate B cells unhealthy (many dead cells on cluster); plate A column 7 mostly died; forgot to change media on Saturday; JOBS module imaging software issues (first time use, some acquisition errors); questions raised for Zixuan on GC-MS analysis method"
20250414MN,"20250414EB_MN (NCT, ATP, TDP43, RNA)",2025-04-14 - 2025-05-09,etr_sAmZoZFh,WT11 (P16+1),4/14 differentiate with T2 (start),4/16 T2->T3,4/18 T3->T4 (~14mL for over-weekend),4/21 T4->T5,4/23 T5->T6,4/25 T6->T6 (~14mL for over-weekend),4/26 coat PLO for dissociation,4/28 T6->T7 (dissociation/plate),4/29 T7->T7 (+virus),4/30 T7->T7 (no virus),5/1 T7->T8,5/2 1/2 T8->1/2 T8,5/5 1/2 T8->1/2 T8,5/7 1/2 T8->1/2 T8,5/8 treat plate A (1h groups) + RNA extraction,5/9 imaging plate B (TDP43),,,,,,,,,"5/8 RNA extraction (plate A, TriZol) 1h glucose treatment","TDP43 movie showed very few moving particles, needs double-checking of movie analysis"
20250414MN,"20250414EB_MN (NCT, ATP, TDP43, RNA)",2025-04-14 - 2025-05-09,etr_sAmZoZFh,WT11 (P16+1),4/14 differentiate with T2 (start),4/16 T2->T3,4/18 T3->T4 (~14mL for over-weekend),4/21 T4->T5,4/23 T5->T6,4/25 T6->T6 (~14mL for over-weekend),4/26 coat PLO for dissociation,4/28 T6->T7 (dissociation/plate),4/29 T7->T7 (+virus),4/30 T7->T7 (no virus),5/1 T7->T8,5/2 1/2 T8->1/2 T8,5/5 1/2 T8->1/2 T8,5/7 1/2 T8->1/2 T8,5/8 treat plate A (1h groups) + RNA extraction,5/9 imaging plate B (TDP43),,,,,,,,,"5/8 NCT/GCaMP-style imaging (plate B, vLH110/vLH111, glucose titration +/- FCCP/2DG, SirDNA)","TDP43 movie showed very few moving particles, needs double-checking of movie analysis"
20250414MN,"20250414EB_MN (NCT, ATP, TDP43, RNA)",2025-04-14 - 2025-05-09,etr_sAmZoZFh,WT11 (P16+1),4/14 differentiate with T2 (start),4/16 T2->T3,4/18 T3->T4 (~14mL for over-weekend),4/21 T4->T5,4/23 T5->T6,4/25 T6->T6 (~14mL for over-weekend),4/26 coat PLO for dissociation,4/28 T6->T7 (dissociation/plate),4/29 T7->T7 (+virus),4/30 T7->T7 (no virus),5/1 T7->T8,5/2 1/2 T8->1/2 T8,5/5 1/2 T8->1/2 T8,5/7 1/2 T8->1/2 T8,5/8 treat plate A (1h groups) + RNA extraction,5/9 imaging plate B (TDP43),,,,,,,,,"5/9 TDP43 imaging (Halo dye, soma+neurite, vLH92) separating MN vs non-MN populations across glucose conditions","TDP43 movie showed very few moving particles, needs double-checking of movie analysis"
20250422MN,"20250422EB_MN (Glo, 92)",2025-04-22 - 2025-05-15,etr_KWq3H3XK,WT11 (P16+3),4/22 differentiate with T2 (start),4/24 T2->T3,4/26 T3->T4 (~14mL for over-weekend),4/28 T4->T5,4/30 T5->T6,5/2 T6->T6 (~14mL for over-weekend),5/5 T6->T7 (dissociation/plate),5/6 T7->T7 (+virus vLH92),5/7 T7->T7 (no virus),5/8 T7->T8,5/10 1/2 T8->1/2 T8,5/12 1/2 T8->1/2 T8,5/14 1/2 T8->1/2 T8,,,,,,,,,,,,"5/14-5/15 CellTiter Glo ATP assay (plate C, glucose titration 0-20mM +/- 1.5mM pyruvate)","Cells looked unhealthy with standard T8 media, so switched to higher pyruvate/BP media mid-experiment; plate B died, used plate C instead for CellTiter Glo; 8-well suction detached most cells (switched to multichannel pipette); treatment records for plate A conditions D1/D2 were lost, so treatment identity uncertain"
20250422MN,"20250422EB_MN (Glo, 92)",2025-04-22 - 2025-05-15,etr_KWq3H3XK,WT11 (P16+3),4/22 differentiate with T2 (start),4/24 T2->T3,4/26 T3->T4 (~14mL for over-weekend),4/28 T4->T5,4/30 T5->T6,5/2 T6->T6 (~14mL for over-weekend),5/5 T6->T7 (dissociation/plate),5/6 T7->T7 (+virus vLH92),5/7 T7->T7 (no virus),5/8 T7->T8,5/10 1/2 T8->1/2 T8,5/12 1/2 T8->1/2 T8,5/14 1/2 T8->1/2 T8,,,,,,,,,,,,"5/15 vLH92 endpoint imaging (plate A, NT vs no-glucose, MN vs non-MN, 0/1.5mM pyruvate x 0/2.5mM glucose)","Cells looked unhealthy with standard T8 media, so switched to higher pyruvate/BP media mid-experiment; plate B died, used plate C instead for CellTiter Glo; 8-well suction detached most cells (switched to multichannel pipette); treatment records for plate A conditions D1/D2 were lost, so treatment identity uncertain"
20250428MN,"20250428EB_MN (Glo, imaging, IF)",2025-04-28 - 2025-05-23,etr_hIi1TTZ4,WT11,4/28 differentiate with T2 (start),4/30 T2->T3,5/2 T3->T4 (~14mL for over-weekend),5/5 T4->T5,5/7 T5->T6,5/9 T6->T6 (~14mL for over-weekend),5/12 T6->T7 (dissociation/plate),5/13 T7->T7 (+virus),5/14 T7->T7 (no virus),"5/15 T7->T8 (plate B/C, 0.5mM pyruvate)",5/17 1/2 T8->1/2 T8,5/19 1/2 T8->1/2 T8,5/21 1/2 T8->1/2 T8 (plate B/C),,,,,,,,,,,,"5/21 imaging plate A (motor neuron only, NT vs no-glucose +/- FCCP/2DG across T8/BP T8 pyruvate variants) and IF fixation start (plate A: PFA fix, permeabilization - forgot Triton X initially)",Forgot to permeabilize IF plate A cells initially (redone with Triton-X); several imaging positions out of focus due to bubbles/drift in plate B
20250428MN,"20250428EB_MN (Glo, imaging, IF)",2025-04-28 - 2025-05-23,etr_hIi1TTZ4,WT11,4/28 differentiate with T2 (start),4/30 T2->T3,5/2 T3->T4 (~14mL for over-weekend),5/5 T4->T5,5/7 T5->T6,5/9 T6->T6 (~14mL for over-weekend),5/12 T6->T7 (dissociation/plate),5/13 T7->T7 (+virus),5/14 T7->T7 (no virus),"5/15 T7->T8 (plate B/C, 0.5mM pyruvate)",5/17 1/2 T8->1/2 T8,5/19 1/2 T8->1/2 T8,5/21 1/2 T8->1/2 T8 (plate B/C),,,,,,,,,,,,CellTiter Glo (plate C),Forgot to permeabilize IF plate A cells initially (redone with Triton-X); several imaging positions out of focus due to bubbles/drift in plate B
20250428MN,"20250428EB_MN (Glo, imaging, IF)",2025-04-28 - 2025-05-23,etr_hIi1TTZ4,WT11,4/28 differentiate with T2 (start),4/30 T2->T3,5/2 T3->T4 (~14mL for over-weekend),5/5 T4->T5,5/7 T5->T6,5/9 T6->T6 (~14mL for over-weekend),5/12 T6->T7 (dissociation/plate),5/13 T7->T7 (+virus),5/14 T7->T7 (no virus),"5/15 T7->T8 (plate B/C, 0.5mM pyruvate)",5/17 1/2 T8->1/2 T8,5/19 1/2 T8->1/2 T8,5/21 1/2 T8->1/2 T8 (plate B/C),,,,,,,,,,,,"5/22 IF secondary antibody/DAPI + primary antibody incubation (MNX1/HB9, TUBB3, VAChT, MAP2, SOX2 markers), CellTiter Glo continued",Forgot to permeabilize IF plate A cells initially (redone with Triton-X); several imaging positions out of focus due to bubbles/drift in plate B
20250428MN,"20250428EB_MN (Glo, imaging, IF)",2025-04-28 - 2025-05-23,etr_hIi1TTZ4,WT11,4/28 differentiate with T2 (start),4/30 T2->T3,5/2 T3->T4 (~14mL for over-weekend),5/5 T4->T5,5/7 T5->T6,5/9 T6->T6 (~14mL for over-weekend),5/12 T6->T7 (dissociation/plate),5/13 T7->T7 (+virus),5/14 T7->T7 (no virus),"5/15 T7->T8 (plate B/C, 0.5mM pyruvate)",5/17 1/2 T8->1/2 T8,5/19 1/2 T8->1/2 T8,5/21 1/2 T8->1/2 T8 (plate B/C),,,,,,,,,,,,"5/23 imaging plate B (vLH110/vLH111 GCaMP-style, glucose titration +/- FCCP/2DG/SirDNA)",Forgot to permeabilize IF plate A cells initially (redone with Triton-X); several imaging positions out of focus due to bubbles/drift in plate B
20250505MN,"20250505EB_MN (RNA, NCT, ATP)",2025-05-05 - 2025-05-29,etr_SxL9yIYe,WT11 (16+7),5/5 differentiate with T2 (start),5/7 T2->T3,5/9 T3->T4 (~14mL for over-weekend),5/12 T4->T5,5/14 T5->T6,5/16 T6->T6 (~14mL for over-weekend),5/19 T6->T7 (dissociation/plate),5/20 T7->T7 (+virus),5/21 T7->T7 (no virus),5/22 T7->T8,5/24 1/2 T8->1/2 T8,5/27 1/2 T8->1/2 T8,5/28 1/2 T8->1/2 T8 (+MG132 treatment prep),,,,,,,,,,,,"5/27-5/28 RNA extraction (plate A, glucose treatment)",Cells 'still not that optimal'; plate C set aside for Sydney
20250505MN,"20250505EB_MN (RNA, NCT, ATP)",2025-05-05 - 2025-05-29,etr_SxL9yIYe,WT11 (16+7),5/5 differentiate with T2 (start),5/7 T2->T3,5/9 T3->T4 (~14mL for over-weekend),5/12 T4->T5,5/14 T5->T6,5/16 T6->T6 (~14mL for over-weekend),5/19 T6->T7 (dissociation/plate),5/20 T7->T7 (+virus),5/21 T7->T7 (no virus),5/22 T7->T8,5/24 1/2 T8->1/2 T8,5/27 1/2 T8->1/2 T8,5/28 1/2 T8->1/2 T8 (+MG132 treatment prep),,,,,,,,,,,,MG132 (1.5uM) preparation and treatment (plate B/C conditions E/F),Cells 'still not that optimal'; plate C set aside for Sydney
20250505MN,"20250505EB_MN (RNA, NCT, ATP)",2025-05-05 - 2025-05-29,etr_SxL9yIYe,WT11 (16+7),5/5 differentiate with T2 (start),5/7 T2->T3,5/9 T3->T4 (~14mL for over-weekend),5/12 T4->T5,5/14 T5->T6,5/16 T6->T6 (~14mL for over-weekend),5/19 T6->T7 (dissociation/plate),5/20 T7->T7 (+virus),5/21 T7->T7 (no virus),5/22 T7->T8,5/24 1/2 T8->1/2 T8,5/27 1/2 T8->1/2 T8,5/28 1/2 T8->1/2 T8 (+MG132 treatment prep),,,,,,,,,,,,"5/28-5/29 NCT/GCaMP imaging (plate B, vLH92 and vLH110/vLH111, glucose titration 0/0.15/2.5mM +/- DMSO/MG132, +/- FCCP/2DG, SirDNA)",Cells 'still not that optimal'; plate C set aside for Sydney
20250513MN,"20250513EB_MN (NCT, ATP, TDP43, IF)",2025-05-13 - 2025-06-09,etr_SNx8xBT5,WT11 (P16+9),5/13 differentiate with T2 (start),5/15 T2->T3,5/17 T3->T4 (~14mL for over-weekend),5/20 T4->T5,5/22 T5->T6,5/24 T6->T6 (~14mL for over-weekend),5/27 T6->T7 (dissociation/plate),5/28 T7->T7 (+virus),"5/30 T7->BP T8 (N2/B27/P-S, +1mM pyruvate)",5/31 -300/+500 BP T8 (+1mM pyruvate),6/2 -300/+500 BP T8,6/4 -300/+500 BP T8,,,,,,,,,,,,,6/4 vLH110/vLH111 timelapse GCaMP-style imaging,Switched imaging to 16-bit (improved signal/noise vs 12-bit); BP media protocol referenced published protocol (PMC4443325) regarding pyruvate concentration and cytosolic acidification
20250513MN,"20250513EB_MN (NCT, ATP, TDP43, IF)",2025-05-13 - 2025-06-09,etr_SNx8xBT5,WT11 (P16+9),5/13 differentiate with T2 (start),5/15 T2->T3,5/17 T3->T4 (~14mL for over-weekend),5/20 T4->T5,5/22 T5->T6,5/24 T6->T6 (~14mL for over-weekend),5/27 T6->T7 (dissociation/plate),5/28 T7->T7 (+virus),"5/30 T7->BP T8 (N2/B27/P-S, +1mM pyruvate)",5/31 -300/+500 BP T8 (+1mM pyruvate),6/2 -300/+500 BP T8,6/4 -300/+500 BP T8,,,,,,,,,,,,,"6/4 vLH92 ATP imaging (glucose titration +/- FCCP/2DG, SirDNA, 16-bit)",Switched imaging to 16-bit (improved signal/noise vs 12-bit); BP media protocol referenced published protocol (PMC4443325) regarding pyruvate concentration and cytosolic acidification
20250513MN,"20250513EB_MN (NCT, ATP, TDP43, IF)",2025-05-13 - 2025-06-09,etr_SNx8xBT5,WT11 (P16+9),5/13 differentiate with T2 (start),5/15 T2->T3,5/17 T3->T4 (~14mL for over-weekend),5/20 T4->T5,5/22 T5->T6,5/24 T6->T6 (~14mL for over-weekend),5/27 T6->T7 (dissociation/plate),5/28 T7->T7 (+virus),"5/30 T7->BP T8 (N2/B27/P-S, +1mM pyruvate)",5/31 -300/+500 BP T8 (+1mM pyruvate),6/2 -300/+500 BP T8,6/4 -300/+500 BP T8,,,,,,,,,,,,,"6/6 TDP43 imaging (Halo dye/JFX650, soma+neurite movie)",Switched imaging to 16-bit (improved signal/noise vs 12-bit); BP media protocol referenced published protocol (PMC4443325) regarding pyruvate concentration and cytosolic acidification
20250513MN,"20250513EB_MN (NCT, ATP, TDP43, IF)",2025-05-13 - 2025-06-09,etr_SNx8xBT5,WT11 (P16+9),5/13 differentiate with T2 (start),5/15 T2->T3,5/17 T3->T4 (~14mL for over-weekend),5/20 T4->T5,5/22 T5->T6,5/24 T6->T6 (~14mL for over-weekend),5/27 T6->T7 (dissociation/plate),5/28 T7->T7 (+virus),"5/30 T7->BP T8 (N2/B27/P-S, +1mM pyruvate)",5/31 -300/+500 BP T8 (+1mM pyruvate),6/2 -300/+500 BP T8,6/4 -300/+500 BP T8,,,,,,,,,,,,,"6/6 IF staining setup (fix/permeabilize/block, primary antibody o/n) with MNX1/HB9, TUBB3, VAChT, MAP2, TDP-43 antibodies",Switched imaging to 16-bit (improved signal/noise vs 12-bit); BP media protocol referenced published protocol (PMC4443325) regarding pyruvate concentration and cytosolic acidification
20250520MN,"20250520EB_MN (NCT, ATP, TDP43)",2025-05-20 - 2025-06-13,etr_XuA7MxEI,WT11 (16+11),5/20 differentiate with T2 (start),5/22 T2->T3,5/24 T3->T4 (~14mL for over-weekend),5/27 T4->T5,5/29 T5->T6,5/31 T6->T6 (~14mL for over-weekend),6/3 T6->T7 (dissociation/plate),6/4 T7->T7,6/5 1/2 BP T8->1/2 BP T8,6/7 1/2 BP T8->1/2 BP T8,6/9 1/2 BP T8->1/2 BP T8,6/11 1/2 T8->1/2 T8 (CD56),,,,,,,,,,,,,6/9 vLH92 imaging at 40x and 60x (comparison),"Cells on glass didn't look very well; 40x imaging results looked abnormal, possibly due to photo-toxicity from repositioning by Stephanie; C5/D56 wells died and AB56 looked sick by 6/13, hypothesized due to Na Pyruvate concentration change mid-week; accidentally mixed old (with Glutamax/BME) and new (without) 0mM glucose media"
20250520MN,"20250520EB_MN (NCT, ATP, TDP43)",2025-05-20 - 2025-06-13,etr_XuA7MxEI,WT11 (16+11),5/20 differentiate with T2 (start),5/22 T2->T3,5/24 T3->T4 (~14mL for over-weekend),5/27 T4->T5,5/29 T5->T6,5/31 T6->T6 (~14mL for over-weekend),6/3 T6->T7 (dissociation/plate),6/4 T7->T7,6/5 1/2 BP T8->1/2 BP T8,6/7 1/2 BP T8->1/2 BP T8,6/9 1/2 BP T8->1/2 BP T8,6/11 1/2 T8->1/2 T8 (CD56),,,,,,,,,,,,,TDP43 imaging planned at 1h and 24h,"Cells on glass didn't look very well; 40x imaging results looked abnormal, possibly due to photo-toxicity from repositioning by Stephanie; C5/D56 wells died and AB56 looked sick by 6/13, hypothesized due to Na Pyruvate concentration change mid-week; accidentally mixed old (with Glutamax/BME) and new (without) 0mM glucose media"
20250520MN,"20250520EB_MN (NCT, ATP, TDP43)",2025-05-20 - 2025-06-13,etr_XuA7MxEI,WT11 (16+11),5/20 differentiate with T2 (start),5/22 T2->T3,5/24 T3->T4 (~14mL for over-weekend),5/27 T4->T5,5/29 T5->T6,5/31 T6->T6 (~14mL for over-weekend),6/3 T6->T7 (dissociation/plate),6/4 T7->T7,6/5 1/2 BP T8->1/2 BP T8,6/7 1/2 BP T8->1/2 BP T8,6/9 1/2 BP T8->1/2 BP T8,6/11 1/2 T8->1/2 T8 (CD56),,,,,,,,,,,,,"6/12 TDP43 imaging (AB56, Halo dye) at ~8:10-8:30pm","Cells on glass didn't look very well; 40x imaging results looked abnormal, possibly due to photo-toxicity from repositioning by Stephanie; C5/D56 wells died and AB56 looked sick by 6/13, hypothesized due to Na Pyruvate concentration change mid-week; accidentally mixed old (with Glutamax/BME) and new (without) 0mM glucose media"
20250520MN,"20250520EB_MN (NCT, ATP, TDP43)",2025-05-20 - 2025-06-13,etr_XuA7MxEI,WT11 (16+11),5/20 differentiate with T2 (start),5/22 T2->T3,5/24 T3->T4 (~14mL for over-weekend),5/27 T4->T5,5/29 T5->T6,5/31 T6->T6 (~14mL for over-weekend),6/3 T6->T7 (dissociation/plate),6/4 T7->T7,6/5 1/2 BP T8->1/2 BP T8,6/7 1/2 BP T8->1/2 BP T8,6/9 1/2 BP T8->1/2 BP T8,6/11 1/2 T8->1/2 T8 (CD56),,,,,,,,,,,,,"6/13 attempted imaging of plate A (C5/D56 died, AB56 sick - experiment not performed)","Cells on glass didn't look very well; 40x imaging results looked abnormal, possibly due to photo-toxicity from repositioning by Stephanie; C5/D56 wells died and AB56 looked sick by 6/13, hypothesized due to Na Pyruvate concentration change mid-week; accidentally mixed old (with Glutamax/BME) and new (without) 0mM glucose media"
20250527MN,"20250527EB_MN (ATP, CellTiter Glo)",2025-05-27 - 2025-06-20,etr_155PvXSE,WT11 (P16+13),5/27 differentiate with T2 (start),5/29 T2->T3,5/31 T3->T4,6/2 T4->T5,6/4 T5->T6,6/5 T6->T6 (~14mL for over-weekend),"6/9 T6->T7 (dissociation, PLO coated 6/6, laminin 6/7)",6/11 T7->T7 (plate A) / +100uL T7 (plate B),"6/12 T7->BP T8 (1.5mM, +1mM extra pyruvate)",6/15 1/2 BP T8->1/2 BP T8,6/17 1/2 BP T8->1/2 BP T8,6/19 1/2 BP T8->1/2 BP T8,,,,,,,,,,,,,"6/19-6/20 CellTiter Glo ATP assay (plate B) testing NB-A vs full T8 media across 16 conditions (varying pyruvate, N2/B27, GlutaMax, T8 supp, 0/2.5mM glucose, +/- FCCP/2DG)","ATP standard readout was low previously, used new aliquot for standard curve; PLO coating done overnight 6/6, laminin coating 6/7"
20250527MN,"20250527EB_MN (ATP, CellTiter Glo)",2025-05-27 - 2025-06-20,etr_155PvXSE,WT11 (P16+13),5/27 differentiate with T2 (start),5/29 T2->T3,5/31 T3->T4,6/2 T4->T5,6/4 T5->T6,6/5 T6->T6 (~14mL for over-weekend),"6/9 T6->T7 (dissociation, PLO coated 6/6, laminin 6/7)",6/11 T7->T7 (plate A) / +100uL T7 (plate B),"6/12 T7->BP T8 (1.5mM, +1mM extra pyruvate)",6/15 1/2 BP T8->1/2 BP T8,6/17 1/2 BP T8->1/2 BP T8,6/19 1/2 BP T8->1/2 BP T8,,,,,,,,,,,,,6/20 imaging (plate A) with 2DG titration (0.2-10mM) and glucose dilution series,"ATP standard readout was low previously, used new aliquot for standard curve; PLO coating done overnight 6/6, laminin coating 6/7"
20250603MN,20250603EB_MN (GCamp with Stephanie),2025-06-03 - 2025-06-25,etr_TrKVFDVl,WT11 (P16+15),6/3 differentiate with T2 (start),6/5 T2->T3 (accutase detach),6/7 T3->T4 (~14mL for over-weekend),6/9 T4->T5,6/11 T5->T6,6/13 T6->T6 (~14mL for over-weekend),6/16 T6->T7 (dissociation/plate),6/18 T7->T7,6/19 T7->BP T8,6/20 1/2 T8->T8,6/23 1/2 T8->1/2 T8,"6/25 imaging (GCamp, by Stephanie)",,,,,,,,,,,,,"6/20-6/25 GCaMP calcium imaging by Stephanie (vLH74, 2 positions simultaneously, 4s interval, 200ms exposure, GFP/DsRed dual camera)","Trypsin was very strong, cells clumped/became viscous quickly; imaging performed by Stephanie, collaborative experiment"
20250609MN,"20250609EB_MN (NCT, GCamp, ER-GEM)",2025-06-09 - 2025-07-03,etr_BC5DFDpM,WT11 (P16+18),6/9 differentiate with T2 (start),6/11 T2->T3,6/13 T3->T4 (~14mL for over-weekend),6/16 T4->T5,6/18 T5->T6,6/20 T6->T6 (~14mL for over-weekend),6/23 T6->T7 (dissociation by Stephanie),6/24 T7->T7 (+virus),6/26 T7->BP T8,6/28 1/2 T8->1/2 T8,6/30 1/2 T8->1/2 T8,"7/2 1/2 T8->1/2 T8 (Stephanie's wells, vLH129+Dox)",,,,,,,,,,,,,6/30 Stephanie treated vLH129 with Dox (1ug/mL),110_6 position 2 first frame out of focus due to bubble (excluded from analysis); collaborative batch shared with Stephanie for GCaMP/ER-GEM sensor experiments
20250609MN,"20250609EB_MN (NCT, GCamp, ER-GEM)",2025-06-09 - 2025-07-03,etr_BC5DFDpM,WT11 (P16+18),6/9 differentiate with T2 (start),6/11 T2->T3,6/13 T3->T4 (~14mL for over-weekend),6/16 T4->T5,6/18 T5->T6,6/20 T6->T6 (~14mL for over-weekend),6/23 T6->T7 (dissociation by Stephanie),6/24 T7->T7 (+virus),6/26 T7->BP T8,6/28 1/2 T8->1/2 T8,6/30 1/2 T8->1/2 T8,"7/2 1/2 T8->1/2 T8 (Stephanie's wells, vLH129+Dox)",,,,,,,,,,,,,"NCT imaging testing conditions 7 vs 8 from 20250527MN (NB-A media, 0/2.5mM glucose)",110_6 position 2 first frame out of focus due to bubble (excluded from analysis); collaborative batch shared with Stephanie for GCaMP/ER-GEM sensor experiments
20250609MN,"20250609EB_MN (NCT, GCamp, ER-GEM)",2025-06-09 - 2025-07-03,etr_BC5DFDpM,WT11 (P16+18),6/9 differentiate with T2 (start),6/11 T2->T3,6/13 T3->T4 (~14mL for over-weekend),6/16 T4->T5,6/18 T5->T6,6/20 T6->T6 (~14mL for over-weekend),6/23 T6->T7 (dissociation by Stephanie),6/24 T7->T7 (+virus),6/26 T7->BP T8,6/28 1/2 T8->1/2 T8,6/30 1/2 T8->1/2 T8,"7/2 1/2 T8->1/2 T8 (Stephanie's wells, vLH129+Dox)",,,,,,,,,,,,,"7/2-7/3 vLH110/vLH111 NCT imaging (16-bit, glucose titration) and Stephanie's GCaMP/ER-GEM imaging experiments (vLH74, vLH129)",110_6 position 2 first frame out of focus due to bubble (excluded from analysis); collaborative batch shared with Stephanie for GCaMP/ER-GEM sensor experiments
20250616MN,"20250616EB_MN (NCT, ATP, TDP43)",2025-06-16 - 2025-07-10,etr_uY5HoQrL,WT11 (16+19),6/16 differentiate with T2 (start),6/18 T2->T3,6/20 T3->T4,6/23 T4->T5,6/25 T5->T6,6/27 T6->T6,"6/30 T6->T7 (dissociation, trypsin+accutase parallel)",7/1 T7->T7 (+virus),7/3 T7->BP T8 (plate C partial death),7/4 add extra 500uL BP T8,7/7 -700 BP T8 -> +300 BP T8,7/8 1/2 BP T8->1/2 BP T8 (not imaged wells),,,,,,,,,,,,,"7/8-7/9 NCT imaging (plate A, vLH110/vLH111, 16-bit, glucose + 2DG titration) and ATP imaging (plate A/B, vLH92)","Almost all cells on plate C died (~8 wells survived), suspected coating or luminescence reagent issue; compared 1uL vs 3uL virus volume for vLH110/vLH111 (3uL gave better expression, adopted going forward); compared trypsin vs accutase dissociation in parallel this run"
20250616MN,"20250616EB_MN (NCT, ATP, TDP43)",2025-06-16 - 2025-07-10,etr_uY5HoQrL,WT11 (16+19),6/16 differentiate with T2 (start),6/18 T2->T3,6/20 T3->T4,6/23 T4->T5,6/25 T5->T6,6/27 T6->T6,"6/30 T6->T7 (dissociation, trypsin+accutase parallel)",7/1 T7->T7 (+virus),7/3 T7->BP T8 (plate C partial death),7/4 add extra 500uL BP T8,7/7 -700 BP T8 -> +300 BP T8,7/8 1/2 BP T8->1/2 BP T8 (not imaged wells),,,,,,,,,,,,,"7/10 ATP/ADP ratio imaging (vLH92, column4) and TDP43 imaging (plate B, JFX650/SPY595, snapshot + neurite positions)","Almost all cells on plate C died (~8 wells survived), suspected coating or luminescence reagent issue; compared 1uL vs 3uL virus volume for vLH110/vLH111 (3uL gave better expression, adopted going forward); compared trypsin vs accutase dissociation in parallel this run"
20250623MN,"20250623EB_MN (ATP, NCT, TDP43)",2025-06-23 - 2025-07-23,etr_dBnO4uHVFB,WT11 (P1),6/23 differentiate with T2 (start),6/25 T2->T3,6/27 T3->T4 (~14mL for over-weekend),6/30 T4->T5,7/2 T5->T6,7/4 T6->T6 (~14mL for over-weekend),"7/7 T6->T7 (dissociation, accutase)",7/8 T7->T7,7/10 T7->BP T8 (+1mM extra pyruvate),7/11 1/2 T8->1/2 T8,7/14 1/2 T8->1/2 T8,7/16 1/2 T8->1/2 T8,7/23 change half media for 4A/B/D & 5A/B/D (per treatment),,,,,,,,,,,,"7/18-7/19 NCT imaging (vLH110/vLH111, glucose+MG132 titration)","vLH111 virus expression still weak (mCherry+ cells present but low intensity); condition 3 (0mM glucose) showed disturbed neurite morphology with empty holes, couldn't identify non-MN cells; several imaging positions out of focus due to bubbles"
20250623MN,"20250623EB_MN (ATP, NCT, TDP43)",2025-06-23 - 2025-07-23,etr_dBnO4uHVFB,WT11 (P1),6/23 differentiate with T2 (start),6/25 T2->T3,6/27 T3->T4 (~14mL for over-weekend),6/30 T4->T5,7/2 T5->T6,7/4 T6->T6 (~14mL for over-weekend),"7/7 T6->T7 (dissociation, accutase)",7/8 T7->T7,7/10 T7->BP T8 (+1mM extra pyruvate),7/11 1/2 T8->1/2 T8,7/14 1/2 T8->1/2 T8,7/16 1/2 T8->1/2 T8,7/23 change half media for 4A/B/D & 5A/B/D (per treatment),,,,,,,,,,,,"ATP/ADP ratio imaging (vLH92, column1)","vLH111 virus expression still weak (mCherry+ cells present but low intensity); condition 3 (0mM glucose) showed disturbed neurite morphology with empty holes, couldn't identify non-MN cells; several imaging positions out of focus due to bubbles"
20250623MN,"20250623EB_MN (ATP, NCT, TDP43)",2025-06-23 - 2025-07-23,etr_dBnO4uHVFB,WT11 (P1),6/23 differentiate with T2 (start),6/25 T2->T3,6/27 T3->T4 (~14mL for over-weekend),6/30 T4->T5,7/2 T5->T6,7/4 T6->T6 (~14mL for over-weekend),"7/7 T6->T7 (dissociation, accutase)",7/8 T7->T7,7/10 T7->BP T8 (+1mM extra pyruvate),7/11 1/2 T8->1/2 T8,7/14 1/2 T8->1/2 T8,7/16 1/2 T8->1/2 T8,7/23 change half media for 4A/B/D & 5A/B/D (per treatment),,,,,,,,,,,,"TDP43 imaging (JFX650/SPY595, snapshot+movie, multiple glucose/MG132/pyruvate-only conditions, 1h and 24h treatments)","vLH111 virus expression still weak (mCherry+ cells present but low intensity); condition 3 (0mM glucose) showed disturbed neurite morphology with empty holes, couldn't identify non-MN cells; several imaging positions out of focus due to bubbles"
20250623MN,"20250623EB_MN (ATP, NCT, TDP43)",2025-06-23 - 2025-07-23,etr_dBnO4uHVFB,WT11 (P1),6/23 differentiate with T2 (start),6/25 T2->T3,6/27 T3->T4 (~14mL for over-weekend),6/30 T4->T5,7/2 T5->T6,7/4 T6->T6 (~14mL for over-weekend),"7/7 T6->T7 (dissociation, accutase)",7/8 T7->T7,7/10 T7->BP T8 (+1mM extra pyruvate),7/11 1/2 T8->1/2 T8,7/14 1/2 T8->1/2 T8,7/16 1/2 T8->1/2 T8,7/23 change half media for 4A/B/D & 5A/B/D (per treatment),,,,,,,,,,,,7/21 additional TDP43 imaging with fresh Halo dye at multiple time points,"vLH111 virus expression still weak (mCherry+ cells present but low intensity); condition 3 (0mM glucose) showed disturbed neurite morphology with empty holes, couldn't identify non-MN cells; several imaging positions out of focus due to bubbles"
20250623MN,"20250623EB_MN (ATP, NCT, TDP43)",2025-06-23 - 2025-07-23,etr_dBnO4uHVFB,WT11 (P1),6/23 differentiate with T2 (start),6/25 T2->T3,6/27 T3->T4 (~14mL for over-weekend),6/30 T4->T5,7/2 T5->T6,7/4 T6->T6 (~14mL for over-weekend),"7/7 T6->T7 (dissociation, accutase)",7/8 T7->T7,7/10 T7->BP T8 (+1mM extra pyruvate),7/11 1/2 T8->1/2 T8,7/14 1/2 T8->1/2 T8,7/16 1/2 T8->1/2 T8,7/23 change half media for 4A/B/D & 5A/B/D (per treatment),,,,,,,,,,,,7/23 media change and imaging of well D5,"vLH111 virus expression still weak (mCherry+ cells present but low intensity); condition 3 (0mM glucose) showed disturbed neurite morphology with empty holes, couldn't identify non-MN cells; several imaging positions out of focus due to bubbles"
20250630MN,"20250630EB_MN (ATP, NCT, TDP43, RNA)",2025-06-30 - 2025-07-24,etr_o1R2cVHgeF,WT11 (P3),6/30 differentiate with T2 (start),7/2 T2->T3,7/4 T3->T4 (~14mL for over-weekend),7/7 T4->T5,7/9 T5->T6,7/11 T6->T6 (~14mL for over-weekend),"7/14 T6->T7 (dissociation, accutase)",7/15 T7->T7,7/17 T7->T8,7/18 1/2 T8->1/2 T8,7/21 1/2 T8->1/2 T8,7/22 prepare 2.5mM/0.15mM glucose treatment media (1mM pyruvate),,,,,,,,,,,,,7/21 treat plate for 24h timepoint conditions,Plate B DNA signal (SPY595) was weak with only 1h treatment so extended to 24h treatment to maximize signal; 110 24h 0.15mM condition showed sudden intensity drop frames 28-33 (truncated for model fitting); accidentally used different laser power than usual (30% vs typical) for one imaging run
20250630MN,"20250630EB_MN (ATP, NCT, TDP43, RNA)",2025-06-30 - 2025-07-24,etr_o1R2cVHgeF,WT11 (P3),6/30 differentiate with T2 (start),7/2 T2->T3,7/4 T3->T4 (~14mL for over-weekend),7/7 T4->T5,7/9 T5->T6,7/11 T6->T6 (~14mL for over-weekend),"7/14 T6->T7 (dissociation, accutase)",7/15 T7->T7,7/17 T7->T8,7/18 1/2 T8->1/2 T8,7/21 1/2 T8->1/2 T8,7/22 prepare 2.5mM/0.15mM glucose treatment media (1mM pyruvate),,,,,,,,,,,,,"7/22-7/23 NCT imaging (vLH110/vLH111, glucose titration, SirDNA)",Plate B DNA signal (SPY595) was weak with only 1h treatment so extended to 24h treatment to maximize signal; 110 24h 0.15mM condition showed sudden intensity drop frames 28-33 (truncated for model fitting); accidentally used different laser power than usual (30% vs typical) for one imaging run
20250630MN,"20250630EB_MN (ATP, NCT, TDP43, RNA)",2025-06-30 - 2025-07-24,etr_o1R2cVHgeF,WT11 (P3),6/30 differentiate with T2 (start),7/2 T2->T3,7/4 T3->T4 (~14mL for over-weekend),7/7 T4->T5,7/9 T5->T6,7/11 T6->T6 (~14mL for over-weekend),"7/14 T6->T7 (dissociation, accutase)",7/15 T7->T7,7/17 T7->T8,7/18 1/2 T8->1/2 T8,7/21 1/2 T8->1/2 T8,7/22 prepare 2.5mM/0.15mM glucose treatment media (1mM pyruvate),,,,,,,,,,,,,"ATP/ADP ratio imaging (vLH92, column4)",Plate B DNA signal (SPY595) was weak with only 1h treatment so extended to 24h treatment to maximize signal; 110 24h 0.15mM condition showed sudden intensity drop frames 28-33 (truncated for model fitting); accidentally used different laser power than usual (30% vs typical) for one imaging run
20250630MN,"20250630EB_MN (ATP, NCT, TDP43, RNA)",2025-06-30 - 2025-07-24,etr_o1R2cVHgeF,WT11 (P3),6/30 differentiate with T2 (start),7/2 T2->T3,7/4 T3->T4 (~14mL for over-weekend),7/7 T4->T5,7/9 T5->T6,7/11 T6->T6 (~14mL for over-weekend),"7/14 T6->T7 (dissociation, accutase)",7/15 T7->T7,7/17 T7->T8,7/18 1/2 T8->1/2 T8,7/21 1/2 T8->1/2 T8,7/22 prepare 2.5mM/0.15mM glucose treatment media (1mM pyruvate),,,,,,,,,,,,,"TDP43 imaging (plate B, JFX650, 15 positions/well, referencing shared conditions with 20250623MN)",Plate B DNA signal (SPY595) was weak with only 1h treatment so extended to 24h treatment to maximize signal; 110 24h 0.15mM condition showed sudden intensity drop frames 28-33 (truncated for model fitting); accidentally used different laser power than usual (30% vs typical) for one imaging run
20250630MN,"20250630EB_MN (ATP, NCT, TDP43, RNA)",2025-06-30 - 2025-07-24,etr_o1R2cVHgeF,WT11 (P3),6/30 differentiate with T2 (start),7/2 T2->T3,7/4 T3->T4 (~14mL for over-weekend),7/7 T4->T5,7/9 T5->T6,7/11 T6->T6 (~14mL for over-weekend),"7/14 T6->T7 (dissociation, accutase)",7/15 T7->T7,7/17 T7->T8,7/18 1/2 T8->1/2 T8,7/21 1/2 T8->1/2 T8,7/22 prepare 2.5mM/0.15mM glucose treatment media (1mM pyruvate),,,,,,,,,,,,,"RNA collection (plate C, glucose +/- DMSO/MG132 treatments)",Plate B DNA signal (SPY595) was weak with only 1h treatment so extended to 24h treatment to maximize signal; 110 24h 0.15mM condition showed sudden intensity drop frames 28-33 (truncated for model fitting); accidentally used different laser power than usual (30% vs typical) for one imaging run
20250630MN,"20250630EB_MN (ATP, NCT, TDP43, RNA)",2025-06-30 - 2025-07-24,etr_o1R2cVHgeF,WT11 (P3),6/30 differentiate with T2 (start),7/2 T2->T3,7/4 T3->T4 (~14mL for over-weekend),7/7 T4->T5,7/9 T5->T6,7/11 T6->T6 (~14mL for over-weekend),"7/14 T6->T7 (dissociation, accutase)",7/15 T7->T7,7/17 T7->T8,7/18 1/2 T8->1/2 T8,7/21 1/2 T8->1/2 T8,7/22 prepare 2.5mM/0.15mM glucose treatment media (1mM pyruvate),,,,,,,,,,,,,"7/24 RNA collection, MG132 dilution/treatment",Plate B DNA signal (SPY595) was weak with only 1h treatment so extended to 24h treatment to maximize signal; 110 24h 0.15mM condition showed sudden intensity drop frames 28-33 (truncated for model fitting); accidentally used different laser power than usual (30% vs typical) for one imaging run
20250721MN,"20250721EB_MN (ATP, NCT, TDP43, IF)",2025-07-21 - 2025-08-20,etr_hbNz4hbSNs,WT11 (P2),7/21 differentiate with T2 (start),7/23 T2->T3,7/25 T3->T4 (~14mL for over-weekend),7/28 T4->T5,7/30 T5->T6,8/1 T6->T6 (~14mL for over-weekend),8/4 T6->T6,"8/5 T6->T7 (dissociation, accutase)",8/6 T7->T7,8/8 T7->T8,8/10 1/2 T8->1/2 T8,8/12 1/2 T8->1/2 T8,,,,,,,,,,,,,"8/13 NCT and ATP imaging (vLH110/vLH111/vLH92, 16-bit)","111 virus signal improved but still low intensity; arsenite treatment caused nuclear shrinkage and cell rounding within 2 hours; multiple ER/proteostasis stressors (MG132, tunicamycin, thapsigargin, arsenite) tested for TDP43 mislocalization/stress granule (G3BP1) response"
20250721MN,"20250721EB_MN (ATP, NCT, TDP43, IF)",2025-07-21 - 2025-08-20,etr_hbNz4hbSNs,WT11 (P2),7/21 differentiate with T2 (start),7/23 T2->T3,7/25 T3->T4 (~14mL for over-weekend),7/28 T4->T5,7/30 T5->T6,8/1 T6->T6 (~14mL for over-weekend),8/4 T6->T6,"8/5 T6->T7 (dissociation, accutase)",8/6 T7->T7,8/8 T7->T8,8/10 1/2 T8->1/2 T8,8/12 1/2 T8->1/2 T8,,,,,,,,,,,,,"TDP43 imaging setup (JFX650, MG132/Tunicamycin/Thapsigargin/arsenite stress conditions) and IF prep","111 virus signal improved but still low intensity; arsenite treatment caused nuclear shrinkage and cell rounding within 2 hours; multiple ER/proteostasis stressors (MG132, tunicamycin, thapsigargin, arsenite) tested for TDP43 mislocalization/stress granule (G3BP1) response"
20250721MN,"20250721EB_MN (ATP, NCT, TDP43, IF)",2025-07-21 - 2025-08-20,etr_hbNz4hbSNs,WT11 (P2),7/21 differentiate with T2 (start),7/23 T2->T3,7/25 T3->T4 (~14mL for over-weekend),7/28 T4->T5,7/30 T5->T6,8/1 T6->T6 (~14mL for over-weekend),8/4 T6->T6,"8/5 T6->T7 (dissociation, accutase)",8/6 T7->T7,8/8 T7->T8,8/10 1/2 T8->1/2 T8,8/12 1/2 T8->1/2 T8,,,,,,,,,,,,,"8/14 stress-condition TDP43 timelapse imaging (DMSO, MG132, tunicamycin, arsenite - up to 7h post-treatment)","111 virus signal improved but still low intensity; arsenite treatment caused nuclear shrinkage and cell rounding within 2 hours; multiple ER/proteostasis stressors (MG132, tunicamycin, thapsigargin, arsenite) tested for TDP43 mislocalization/stress granule (G3BP1) response"
20250721MN,"20250721EB_MN (ATP, NCT, TDP43, IF)",2025-07-21 - 2025-08-20,etr_hbNz4hbSNs,WT11 (P2),7/21 differentiate with T2 (start),7/23 T2->T3,7/25 T3->T4 (~14mL for over-weekend),7/28 T4->T5,7/30 T5->T6,8/1 T6->T6 (~14mL for over-weekend),8/4 T6->T6,"8/5 T6->T7 (dissociation, accutase)",8/6 T7->T7,8/8 T7->T8,8/10 1/2 T8->1/2 T8,8/12 1/2 T8->1/2 T8,,,,,,,,,,,,,"8/18 fix cells (PFA) for IF, primary antibody incubation","111 virus signal improved but still low intensity; arsenite treatment caused nuclear shrinkage and cell rounding within 2 hours; multiple ER/proteostasis stressors (MG132, tunicamycin, thapsigargin, arsenite) tested for TDP43 mislocalization/stress granule (G3BP1) response"
20250721MN,"20250721EB_MN (ATP, NCT, TDP43, IF)",2025-07-21 - 2025-08-20,etr_hbNz4hbSNs,WT11 (P2),7/21 differentiate with T2 (start),7/23 T2->T3,7/25 T3->T4 (~14mL for over-weekend),7/28 T4->T5,7/30 T5->T6,8/1 T6->T6 (~14mL for over-weekend),8/4 T6->T6,"8/5 T6->T7 (dissociation, accutase)",8/6 T7->T7,8/8 T7->T8,8/10 1/2 T8->1/2 T8,8/12 1/2 T8->1/2 T8,,,,,,,,,,,,,"8/19-8/20 IF secondary antibody/DAPI staining and imaging (TDP-43, phospho-TDP-43 S409/410, G3BP1, Orf1p, Lamin B1, RanGAP1 markers)","111 virus signal improved but still low intensity; arsenite treatment caused nuclear shrinkage and cell rounding within 2 hours; multiple ER/proteostasis stressors (MG132, tunicamycin, thapsigargin, arsenite) tested for TDP43 mislocalization/stress granule (G3BP1) response"
20250728MN,"20250728EB_MN (seahorse, RNA, TDP43)",2025-07-28 - 2025-08-21,etr_pX5P2YmMGI,WT11 (P5),7/28 differentiate with T2 (start),7/30 T2->T3,8/1 T3->T4 (~14mL for over-weekend),8/4 T4->T5,8/6 T5->T6,8/8 T6->T6 (~14mL for over-weekend),"8/11 T6->T7 (dissociation, accutase)",8/13 T7->T7,8/14 T7->BP T8,8/15 1/2 BP T8->BP T8,8/18 1/2 T8->1/2 T8,8/20 1/2 T8->1/2 T8,,,,,,,,,,,,,8/18 Seahorse assay (plate A),First use of Seahorse extracellular flux assay in this batch series; extensive MG132/tunicamycin dose-response titration combined with glucose levels for TDP43 imaging
20250728MN,"20250728EB_MN (seahorse, RNA, TDP43)",2025-07-28 - 2025-08-21,etr_pX5P2YmMGI,WT11 (P5),7/28 differentiate with T2 (start),7/30 T2->T3,8/1 T3->T4 (~14mL for over-weekend),8/4 T4->T5,8/6 T5->T6,8/8 T6->T6 (~14mL for over-weekend),"8/11 T6->T7 (dissociation, accutase)",8/13 T7->T7,8/14 T7->BP T8,8/15 1/2 BP T8->BP T8,8/18 1/2 T8->1/2 T8,8/20 1/2 T8->1/2 T8,,,,,,,,,,,,,plate C 24h drug treatment (MG132/tunicamycin dose-response),First use of Seahorse extracellular flux assay in this batch series; extensive MG132/tunicamycin dose-response titration combined with glucose levels for TDP43 imaging
20250728MN,"20250728EB_MN (seahorse, RNA, TDP43)",2025-07-28 - 2025-08-21,etr_pX5P2YmMGI,WT11 (P5),7/28 differentiate with T2 (start),7/30 T2->T3,8/1 T3->T4 (~14mL for over-weekend),8/4 T4->T5,8/6 T5->T6,8/8 T6->T6 (~14mL for over-weekend),"8/11 T6->T7 (dissociation, accutase)",8/13 T7->T7,8/14 T7->BP T8,8/15 1/2 BP T8->BP T8,8/18 1/2 T8->1/2 T8,8/20 1/2 T8->1/2 T8,,,,,,,,,,,,,plate B imaging setup (SPY595 DNA dye),First use of Seahorse extracellular flux assay in this batch series; extensive MG132/tunicamycin dose-response titration combined with glucose levels for TDP43 imaging
20250728MN,"20250728EB_MN (seahorse, RNA, TDP43)",2025-07-28 - 2025-08-21,etr_pX5P2YmMGI,WT11 (P5),7/28 differentiate with T2 (start),7/30 T2->T3,8/1 T3->T4 (~14mL for over-weekend),8/4 T4->T5,8/6 T5->T6,8/8 T6->T6 (~14mL for over-weekend),"8/11 T6->T7 (dissociation, accutase)",8/13 T7->T7,8/14 T7->BP T8,8/15 1/2 BP T8->BP T8,8/18 1/2 T8->1/2 T8,8/20 1/2 T8->1/2 T8,,,,,,,,,,,,,8/20 Plate B imaging (glucose 1h/24h/preassay conditions +/- DMSO/MG132),First use of Seahorse extracellular flux assay in this batch series; extensive MG132/tunicamycin dose-response titration combined with glucose levels for TDP43 imaging
20250728MN,"20250728EB_MN (seahorse, RNA, TDP43)",2025-07-28 - 2025-08-21,etr_pX5P2YmMGI,WT11 (P5),7/28 differentiate with T2 (start),7/30 T2->T3,8/1 T3->T4 (~14mL for over-weekend),8/4 T4->T5,8/6 T5->T6,8/8 T6->T6 (~14mL for over-weekend),"8/11 T6->T7 (dissociation, accutase)",8/13 T7->T7,8/14 T7->BP T8,8/15 1/2 BP T8->BP T8,8/18 1/2 T8->1/2 T8,8/20 1/2 T8->1/2 T8,,,,,,,,,,,,,"8/20-8/21 TDP43 imaging (JFX650, dose-response MG132 0.07-6uM and tunicamycin 0.04-3uM at 6h, glucose 2.5/0.15mM, 26 conditions imaged)",First use of Seahorse extracellular flux assay in this batch series; extensive MG132/tunicamycin dose-response titration combined with glucose levels for TDP43 imaging
20250818MN,"20250818EB_MN (TDP43, seahorse)",2025-08-18 - 2025-09-14,etr_cg279fj1lZ,WT11,8/18 differentiate w/T2 (start),8/20 T2->T3,8/22 T3->T4,8/25 T4->T5,8/27 T5->T6,8/29 T6->T6,9/2 T6->T7,9/2 dissociate EBs & plate with T7,9/4 T7->T7,9/5 T7->BP T8,9/7 1/2 T8->1/2 T8,9/9 1/2 T8->1/2 T8,9/10 Plate B Seahorse (setup),,,,,,,,,,,,"9/10-9/12 Seahorse Mito Stress assay (oligomycin/FCCP/Rot-AA, 2.5mM vs 0.15mM glucose) with SPY595/JFX650 Halo-TDP43 live imaging (1h, 4h, 24h glucose timepoints, +/- MG132, +/- Verdinexor)","24h timepoint excluded from analysis - original vs reimaged results were inconsistent (do not use 24h data); B1 initially had low Halo signal, resolved on reimage"
20250818MN,"20250818EB_MN (TDP43, seahorse)",2025-08-18 - 2025-09-14,etr_cg279fj1lZ,WT11,8/18 differentiate w/T2 (start),8/20 T2->T3,8/22 T3->T4,8/25 T4->T5,8/27 T5->T6,8/29 T6->T6,9/2 T6->T7,9/2 dissociate EBs & plate with T7,9/4 T7->T7,9/5 T7->BP T8,9/7 1/2 T8->1/2 T8,9/9 1/2 T8->1/2 T8,9/10 Plate B Seahorse (setup),,,,,,,,,,,,9/12 TDP43-Halo imaging incl. proteasome (MG132) and XPO1/Verdinexor treatments,"24h timepoint excluded from analysis - original vs reimaged results were inconsistent (do not use 24h data); B1 initially had low Halo signal, resolved on reimage"
20250818MN,"20250818EB_MN (TDP43, seahorse)",2025-08-18 - 2025-09-14,etr_cg279fj1lZ,WT11,8/18 differentiate w/T2 (start),8/20 T2->T3,8/22 T3->T4,8/25 T4->T5,8/27 T5->T6,8/29 T6->T6,9/2 T6->T7,9/2 dissociate EBs & plate with T7,9/4 T7->T7,9/5 T7->BP T8,9/7 1/2 T8->1/2 T8,9/9 1/2 T8->1/2 T8,9/10 Plate B Seahorse (setup),,,,,,,,,,,,9/14 reimage of 0.15mM 24h condition,"24h timepoint excluded from analysis - original vs reimaged results were inconsistent (do not use 24h data); B1 initially had low Halo signal, resolved on reimage"
20250908MN,"20250908EB_MN (RNA, virus titer test)",2025-09-08 - 2025-10-03,etr_SgD69L3fya,"WT11, vLH78, vLH103",9/8 differentiate w/T2 (start),9/10 T2->T3,9/12 T3->T4,9/15 T4->T5,9/17 T5->T6,9/19 T6->T6,9/22 T6->T7,9/22 dissociate & plate with T7,9/23 Plate B T7->T7,9/24 Plate A T7->T7,9/25 T7->BP T8,9/27 1/2 T8->1/2 T8,9/29 1/2 T8->1/2 T8,"9/30 collect 100uL media samples (Plate A A1/A2, virus titer assay)",10/1 1/2 T8->1/2 T8,10/2 treat with vLH78/vLH103 virus (24h group),10/3 treat 1h group + collect RNA (Trizol),,,,,,,,"9/29 (day before, per media log ~9/30-10/1) vLH78/vLH103 virus titer test imaging (nucGEM, various volumes 1-10uL) on Plate A",Coating was old/dried out causing bad plating (esp. A1/D1 area); batch had more non-MN cells with clusters showing non-MNs beneath; virus titer comparison of vLH78 (2uL/10uL) and vLH103 (1uL/5uL) nucGEM density
20250908MN,"20250908EB_MN (RNA, virus titer test)",2025-09-08 - 2025-10-03,etr_SgD69L3fya,"WT11, vLH78, vLH103",9/8 differentiate w/T2 (start),9/10 T2->T3,9/12 T3->T4,9/15 T4->T5,9/17 T5->T6,9/19 T6->T6,9/22 T6->T7,9/22 dissociate & plate with T7,9/23 Plate B T7->T7,9/24 Plate A T7->T7,9/25 T7->BP T8,9/27 1/2 T8->1/2 T8,9/29 1/2 T8->1/2 T8,"9/30 collect 100uL media samples (Plate A A1/A2, virus titer assay)",10/1 1/2 T8->1/2 T8,10/2 treat with vLH78/vLH103 virus (24h group),10/3 treat 1h group + collect RNA (Trizol),,,,,,,,"10/1 24h drug treatment (2.5mM/0.15mM glucose, 1h/24h) then RNA collection with Trizol at 5:20pm, frozen -80C",Coating was old/dried out causing bad plating (esp. A1/D1 area); batch had more non-MN cells with clusters showing non-MNs beneath; virus titer comparison of vLH78 (2uL/10uL) and vLH103 (1uL/5uL) nucGEM density
20250908MN,"20250908EB_MN (RNA, virus titer test)",2025-09-08 - 2025-10-03,etr_SgD69L3fya,"WT11, vLH78, vLH103",9/8 differentiate w/T2 (start),9/10 T2->T3,9/12 T3->T4,9/15 T4->T5,9/17 T5->T6,9/19 T6->T6,9/22 T6->T7,9/22 dissociate & plate with T7,9/23 Plate B T7->T7,9/24 Plate A T7->T7,9/25 T7->BP T8,9/27 1/2 T8->1/2 T8,9/29 1/2 T8->1/2 T8,"9/30 collect 100uL media samples (Plate A A1/A2, virus titer assay)",10/1 1/2 T8->1/2 T8,10/2 treat with vLH78/vLH103 virus (24h group),10/3 treat 1h group + collect RNA (Trizol),,,,,,,,10/1 Plate B virus expression check on old spinning disk confocal (100uL media collected from A1/A2 pre-collection),Coating was old/dried out causing bad plating (esp. A1/D1 area); batch had more non-MN cells with clusters showing non-MNs beneath; virus titer comparison of vLH78 (2uL/10uL) and vLH103 (1uL/5uL) nucGEM density
20250916MN,"20250916EB_MN (vLH51, vLH103, virus titer test)",2025-09-16 - 2025-10-09,etr_XQBNYnWXc8,"WT11, vLH51, vLH103, vLH80, vLH67",9/16 differentiate w/T2 (start),9/18 T2->T3,9/20 T3->T4,9/22 T4->T5,9/24 T5->T6,9/26 T6->T6,9/27 T6->T6 (delayed by illness),9/30 T6->T7,9/30 dissociate & plate with T7,10/1 T7->T7,10/3 T7->BP T8,10/4 1/2 T8->1/2 T8 (both plates),10/7 treat with virus (vLH51/vLH80/vLH67/vLH103),10/8 imaging session,10/9 1/2 T8->1/2 T8,,,,,,,,,,"10/1 vLH51 nucGEM imaging (60x,1.5x zoom, GEM movie)","Batch grown on matrigel with Corning DMEM; author had COVID, dissociation delayed a day; vLH67 titer too high (too many GEMs even in neurites), recommend less virus next time"
20250916MN,"20250916EB_MN (vLH51, vLH103, virus titer test)",2025-09-16 - 2025-10-09,etr_XQBNYnWXc8,"WT11, vLH51, vLH103, vLH80, vLH67",9/16 differentiate w/T2 (start),9/18 T2->T3,9/20 T3->T4,9/22 T4->T5,9/24 T5->T6,9/26 T6->T6,9/27 T6->T6 (delayed by illness),9/30 T6->T7,9/30 dissociate & plate with T7,10/1 T7->T7,10/3 T7->BP T8,10/4 1/2 T8->1/2 T8 (both plates),10/7 treat with virus (vLH51/vLH80/vLH67/vLH103),10/8 imaging session,10/9 1/2 T8->1/2 T8,,,,,,,,,,"10/3 vLH103 imaging (60x, 2.5mM/0.15mM glucose, 1h/24h) plus virus titer test comparing vLH80/vLH67/vLH103 volumes (1uL vs 5uL)","Batch grown on matrigel with Corning DMEM; author had COVID, dissociation delayed a day; vLH67 titer too high (too many GEMs even in neurites), recommend less virus next time"
20250916MN,"20250916EB_MN (vLH51, vLH103, virus titer test)",2025-09-16 - 2025-10-09,etr_XQBNYnWXc8,"WT11, vLH51, vLH103, vLH80, vLH67",9/16 differentiate w/T2 (start),9/18 T2->T3,9/20 T3->T4,9/22 T4->T5,9/24 T5->T6,9/26 T6->T6,9/27 T6->T6 (delayed by illness),9/30 T6->T7,9/30 dissociate & plate with T7,10/1 T7->T7,10/3 T7->BP T8,10/4 1/2 T8->1/2 T8 (both plates),10/7 treat with virus (vLH51/vLH80/vLH67/vLH103),10/8 imaging session,10/9 1/2 T8->1/2 T8,,,,,,,,,,"10/7-10/8 vLH51/vLH103 timed glucose treatment imaging (1h, 24h)","Batch grown on matrigel with Corning DMEM; author had COVID, dissociation delayed a day; vLH67 titer too high (too many GEMs even in neurites), recommend less virus next time"
20250916MN,"20250916EB_MN (vLH51, vLH103, virus titer test)",2025-09-16 - 2025-10-09,etr_XQBNYnWXc8,"WT11, vLH51, vLH103, vLH80, vLH67",9/16 differentiate w/T2 (start),9/18 T2->T3,9/20 T3->T4,9/22 T4->T5,9/24 T5->T6,9/26 T6->T6,9/27 T6->T6 (delayed by illness),9/30 T6->T7,9/30 dissociate & plate with T7,10/1 T7->T7,10/3 T7->BP T8,10/4 1/2 T8->1/2 T8 (both plates),10/7 treat with virus (vLH51/vLH80/vLH67/vLH103),10/8 imaging session,10/9 1/2 T8->1/2 T8,,,,,,,,,,10/9 vLH80/vLH67 titer imaging (2uL vs 5uL),"Batch grown on matrigel with Corning DMEM; author had COVID, dissociation delayed a day; vLH67 titer too high (too many GEMs even in neurites), recommend less virus next time"
20250922MN,"20250922EB_MN (seahorse, vLH103, vLH78)",2025-09-22 - 2025-10-15,etr_ADIjrwnCZ1,"WT11 P4, vLH103, vLH78",9/22 differentiate w/T2 (start),9/24 T2->T3,9/26 T3->T4,9/29 T4->T5,10/1 T5->T6,10/3 T6->T6,10/6 T6->T7,10/6 dissociate & plate with T7,10/7 T7->T7,10/8 T7->T8,10/9 1/2 T8->1/2 T8,10/11 1/2 T8->1/2 T8,10/13 1/2 T8->1/2 T8,10/14 treat with vLH78/vLH103 virus (24h group),10/15 Seahorse assay (Plate A),,,,,,,,,,"10/13-10/14 Seahorse Mito Stress assay Plate A (oligomycin/FCCP/Rot-AA/2DG, 2.5mM vs 0.15mM glucose, ~20-24h treatment) plus cell counting via total protein for normalization",This batch had dissociation issues despite iPSCs not grown on old matrigel
20250922MN,"20250922EB_MN (seahorse, vLH103, vLH78)",2025-09-22 - 2025-10-15,etr_ADIjrwnCZ1,"WT11 P4, vLH103, vLH78",9/22 differentiate w/T2 (start),9/24 T2->T3,9/26 T3->T4,9/29 T4->T5,10/1 T5->T6,10/3 T6->T6,10/6 T6->T7,10/6 dissociate & plate with T7,10/7 T7->T7,10/8 T7->T8,10/9 1/2 T8->1/2 T8,10/11 1/2 T8->1/2 T8,10/13 1/2 T8->1/2 T8,10/14 treat with vLH78/vLH103 virus (24h group),10/15 Seahorse assay (Plate A),,,,,,,,,,"10/13-10/14 vLH103/vLH78 nucGEM imaging Plate B (100x, SirDNA counterstain, 1h and 24h glucose timepoints)",This batch had dissociation issues despite iPSCs not grown on old matrigel
20250929MN,"20250929EB_MN (vLH103,51)",2025-09-29 - 2025-10-24,etr_BXCTEn3XZ3,"WT11 P6, vLH103, vLH51",9/29 differentiate w/T2 (start),10/1 T2->T3,10/3 T3->T4,10/6 T4->T5,10/8 T5->T6,10/10 T6->T6,10/13 T6->T7,10/13 dissociate (3 methods) & plate with T7,10/14 T7->T7,10/16 T7->T8,10/17 1/2 T8->T8,10/20 1/2 T8->1/2 T8 (collect glucose sample),10/22 1/2 T8->1/2 T8,10/23 treat 24h timepoint (glucose assay),10/24 change half media for rest wells + collect glucose sample,,,,,,,,,,10/8 dissociation method comparison (accutase vs 0.05% trypsin vs 0.025% trypsin),Tried 3 dissociation methods to optimize protocol; some 2.5mM 1h cells looked unhealthy (images skipped for that condition); vLH103 needed less virus next time (too dense GEMs)
20250929MN,"20250929EB_MN (vLH103,51)",2025-09-29 - 2025-10-24,etr_BXCTEn3XZ3,"WT11 P6, vLH103, vLH51",9/29 differentiate w/T2 (start),10/1 T2->T3,10/3 T3->T4,10/6 T4->T5,10/8 T5->T6,10/10 T6->T6,10/13 T6->T7,10/13 dissociate (3 methods) & plate with T7,10/14 T7->T7,10/16 T7->T8,10/17 1/2 T8->T8,10/20 1/2 T8->1/2 T8 (collect glucose sample),10/22 1/2 T8->1/2 T8,10/23 treat 24h timepoint (glucose assay),10/24 change half media for rest wells + collect glucose sample,,,,,,,,,,"10/23-10/24 vLH103/vLH51 nucGEM imaging (100x, 1.5x zoom, 2.5mM/0.15mM glucose, 1h/24h) plus glucose concentration assay from collected media",Tried 3 dissociation methods to optimize protocol; some 2.5mM 1h cells looked unhealthy (images skipped for that condition); vLH103 needed less virus next time (too dense GEMs)
20251006MN,20251006EB_MN (vLH51),2025-10-06 - 2025-10-31,etr_HJQIWzhXsn,"WT11 P8, vLH51",10/6 differentiate w/T2 (start),10/8 T2->T3,10/10 T3->T4,10/13 T4->T5,10/15 T5->T6,10/17 T6->T6,10/20 T6->T7,10/20 dissociate & plate with T7,10/21 T7->T7,10/23 T7->T8,10/24 1/2 T8->1/2 T8,10/27 1/2 T8->1/2 T8,10/29 1/2 T8->1/2 T8,"10/30 1/2 T8->1/2 for A3/B3 + treat C3/D3 (24h, vLH51)",10/31 imaging vLH51,,,,,,,,,,"10/30-10/31 vLH51 nucGEM imaging on old spinning disk confocal (60x, 1.5x zoom","Accidental centrifuge at 200xg without filtering during dissociation; not many GEM+ cells, many with too many GEMs, hard to find GEMs in neurites; 24h movies had larger-than-intended ROI due to old scope default settings"
20251006MN,20251006EB_MN (vLH51),2025-10-06 - 2025-10-31,etr_HJQIWzhXsn,"WT11 P8, vLH51",10/6 differentiate w/T2 (start),10/8 T2->T3,10/10 T3->T4,10/13 T4->T5,10/15 T5->T6,10/17 T6->T6,10/20 T6->T7,10/20 dissociate & plate with T7,10/21 T7->T7,10/23 T7->T8,10/24 1/2 T8->1/2 T8,10/27 1/2 T8->1/2 T8,10/29 1/2 T8->1/2 T8,"10/30 1/2 T8->1/2 for A3/B3 + treat C3/D3 (24h, vLH51)",10/31 imaging vLH51,,,,,,,,,,"2.5mM/0.15mM glucose, 1h and 24h timepoints)","Accidental centrifuge at 200xg without filtering during dissociation; not many GEM+ cells, many with too many GEMs, hard to find GEMs in neurites; 24h movies had larger-than-intended ROI due to old scope default settings"
20251013MN,20251013EB_MN (vLH78),2025-10-13 - 2025-11-07,etr_edC6Nsj3LY,"WT11 P9, vLH78",10/13 differentiate w/T2 (start),10/15 T2->T3,10/17 T3->T4,10/20 T4->T5,10/21 2/3 T5->T6 (1/3 reserved for Mazzoni protocol),10/22 1/3 EB dissociated via Mazzoni D9 protocol & plated in N2B27+AA/RA/SAG/ROCKi/DAPT,10/24 remaining 1/2 T6->T6 (over-weekend) + other 1/2 dissociated into T7 (Plate A),10/27 T6->T7 + dissociate & plate with T7,10/28 T7->T7 (virus-added plate),10/29 T7->T7 (no-virus plate),10/30 T7->T8,10/31 1/2 T8->1/2 T8,11/3 1/2 T8->1/2 T8,11/5 1/2 T8->1/2 T8,11/6 treat with vLH78 virus (24h timepoint),11/7 imaging (vLH78),,,,,,,,,11/3-11/6 vLH78 nucGEM imaging (switched from 60x to 100x oil objective mid-experiment for better visualization,"Parallel test of standard protocol vs Mazzoni-lab MN differentiation protocol (dual-SMAD inhibition, RA/SAG); lots of debris noted during imaging; switched objective mid-batch (recommend 100x going forward)"
20251013MN,20251013EB_MN (vLH78),2025-10-13 - 2025-11-07,etr_edC6Nsj3LY,"WT11 P9, vLH78",10/13 differentiate w/T2 (start),10/15 T2->T3,10/17 T3->T4,10/20 T4->T5,10/21 2/3 T5->T6 (1/3 reserved for Mazzoni protocol),10/22 1/3 EB dissociated via Mazzoni D9 protocol & plated in N2B27+AA/RA/SAG/ROCKi/DAPT,10/24 remaining 1/2 T6->T6 (over-weekend) + other 1/2 dissociated into T7 (Plate A),10/27 T6->T7 + dissociate & plate with T7,10/28 T7->T7 (virus-added plate),10/29 T7->T7 (no-virus plate),10/30 T7->T8,10/31 1/2 T8->1/2 T8,11/3 1/2 T8->1/2 T8,11/5 1/2 T8->1/2 T8,11/6 treat with vLH78 virus (24h timepoint),11/7 imaging (vLH78),,,,,,,,,"2.5mM/0.15mM glucose, 1h and 24h timepoints)","Parallel test of standard protocol vs Mazzoni-lab MN differentiation protocol (dual-SMAD inhibition, RA/SAG); lots of debris noted during imaging; switched objective mid-batch (recommend 100x going forward)"
20251020MN,"20251020EB_MN (seahorse, vLH51, vLH103)",2025-10-20 - 2025-11-14,etr_HGEh5VBZWS,"WT11, vLH51, vLH103",10/20 differentiate w/T2 (start),10/22 T2->T3,10/24 T3->T4,10/27 T4->T5,10/29 T5->T6,10/31 T6->T6,11/3 T6->T7,11/3 dissociate & plate with T7,11/4 T7->T7 (virus added),11/5 T7->T7 (no virus),11/6 T7->T8,11/7 1/2 T8->1/2 T8,11/10 treat cells for seahorse (24h),11/11 1/2 T8->1/2 T8,11/12 Seahorse assay (Plate A),"11/14 imaging GEM (Plate B, vLH103/vLH51)",,,,,,,,,"11/10-11/12 Seahorse Mito Stress assay Plate A (oligomycin/FCCP/Rot-AA/2DG, 2mM glutamine, 2.5mM/0.15mM glucose, 24h treatment) with total-protein cell count normalization",Cells did not look well/some cell death noted in seahorse wells at both glucose concentrations for 24h treatment; vLH103 GEM density noted as great this run
20251020MN,"20251020EB_MN (seahorse, vLH51, vLH103)",2025-10-20 - 2025-11-14,etr_HGEh5VBZWS,"WT11, vLH51, vLH103",10/20 differentiate w/T2 (start),10/22 T2->T3,10/24 T3->T4,10/27 T4->T5,10/29 T5->T6,10/31 T6->T6,11/3 T6->T7,11/3 dissociate & plate with T7,11/4 T7->T7 (virus added),11/5 T7->T7 (no virus),11/6 T7->T8,11/7 1/2 T8->1/2 T8,11/10 treat cells for seahorse (24h),11/11 1/2 T8->1/2 T8,11/12 Seahorse assay (Plate A),"11/14 imaging GEM (Plate B, vLH103/vLH51)",,,,,,,,,"11/12 vLH51/vLH103 nucGEM imaging Plate B (100x, SirDNA counterstain, 1h glucose timepoints)",Cells did not look well/some cell death noted in seahorse wells at both glucose concentrations for 24h treatment; vLH103 GEM density noted as great this run
20251029MN,"20251029EB_MN (seahorse, MitoSox, vLH78, vLH80)",2025-10-29 - 2025-11-21,etr_qpKP47ZasO,"WT11 P2, vLH78, vLH80",10/29 differentiate w/T2 (start),10/31 T2->T3,11/2 T3->T4,11/4 add 4mL more T4,11/5 T4->T5,11/7 T5->T6,11/10 T6->T7,11/10 dissociate & plate with T7,11/11 T7->T7 (virus added),11/13 T7->T8,11/15 1/2 T8->1/2 T8,11/17 1/2 T8->1/2 T8,"11/18 treat C1/D1 with glucose (MitoSOX, Plate A 24h + Plate B evening)","11/19 1/2 T8->1/2 T8 + Seahorse assay (Plate A, mito stress)",11/20 treat Plate B 24h (vLH78/vLH80 glucose),11/21 imaging (vLH78/vLH80),,,,,,,,,"11/17-11/18 MitoSOX red + Hoechst live imaging Plate B (2.5mM/0.15mM glucose, 1h and 24h) on new spinning disk confocal",Seahorse assay run off-site in Pacold lab; some cells died/flushed/not attached during seahorse plate prep; observation that vLH80 nuclei looked bigger/rounder than vLH78
20251029MN,"20251029EB_MN (seahorse, MitoSox, vLH78, vLH80)",2025-10-29 - 2025-11-21,etr_qpKP47ZasO,"WT11 P2, vLH78, vLH80",10/29 differentiate w/T2 (start),10/31 T2->T3,11/2 T3->T4,11/4 add 4mL more T4,11/5 T4->T5,11/7 T5->T6,11/10 T6->T7,11/10 dissociate & plate with T7,11/11 T7->T7 (virus added),11/13 T7->T8,11/15 1/2 T8->1/2 T8,11/17 1/2 T8->1/2 T8,"11/18 treat C1/D1 with glucose (MitoSOX, Plate A 24h + Plate B evening)","11/19 1/2 T8->1/2 T8 + Seahorse assay (Plate A, mito stress)",11/20 treat Plate B 24h (vLH78/vLH80 glucose),11/21 imaging (vLH78/vLH80),,,,,,,,,11/19-11/21 Seahorse Mito Stress + Glycolysis Rate assays Plate A (performed at Pacold lab,Seahorse assay run off-site in Pacold lab; some cells died/flushed/not attached during seahorse plate prep; observation that vLH80 nuclei looked bigger/rounder than vLH78
20251029MN,"20251029EB_MN (seahorse, MitoSox, vLH78, vLH80)",2025-10-29 - 2025-11-21,etr_qpKP47ZasO,"WT11 P2, vLH78, vLH80",10/29 differentiate w/T2 (start),10/31 T2->T3,11/2 T3->T4,11/4 add 4mL more T4,11/5 T4->T5,11/7 T5->T6,11/10 T6->T7,11/10 dissociate & plate with T7,11/11 T7->T7 (virus added),11/13 T7->T8,11/15 1/2 T8->1/2 T8,11/17 1/2 T8->1/2 T8,"11/18 treat C1/D1 with glucose (MitoSOX, Plate A 24h + Plate B evening)","11/19 1/2 T8->1/2 T8 + Seahorse assay (Plate A, mito stress)",11/20 treat Plate B 24h (vLH78/vLH80 glucose),11/21 imaging (vLH78/vLH80),,,,,,,,,"oligomycin/FCCP/Rot-AA/2DG, 2mM glutamine, +/- HEPES)",Seahorse assay run off-site in Pacold lab; some cells died/flushed/not attached during seahorse plate prep; observation that vLH80 nuclei looked bigger/rounder than vLH78
20251029MN,"20251029EB_MN (seahorse, MitoSox, vLH78, vLH80)",2025-10-29 - 2025-11-21,etr_qpKP47ZasO,"WT11 P2, vLH78, vLH80",10/29 differentiate w/T2 (start),10/31 T2->T3,11/2 T3->T4,11/4 add 4mL more T4,11/5 T4->T5,11/7 T5->T6,11/10 T6->T7,11/10 dissociate & plate with T7,11/11 T7->T7 (virus added),11/13 T7->T8,11/15 1/2 T8->1/2 T8,11/17 1/2 T8->1/2 T8,"11/18 treat C1/D1 with glucose (MitoSOX, Plate A 24h + Plate B evening)","11/19 1/2 T8->1/2 T8 + Seahorse assay (Plate A, mito stress)",11/20 treat Plate B 24h (vLH78/vLH80 glucose),11/21 imaging (vLH78/vLH80),,,,,,,,,"11/20-11/21 vLH78/vLH80 nucGEM imaging Plate B (100x, 2.5mM/0.15mM glucose, 1h/24h)",Seahorse assay run off-site in Pacold lab; some cells died/flushed/not attached during seahorse plate prep; observation that vLH80 nuclei looked bigger/rounder than vLH78
20251103MN,"20251103EB_MN (seahorse, RNA)",2025-11-03 - 2025-12-24,etr_6YvfSLbTKF,WT11,11/3 differentiate w/T2 (start),11/5 T2->T3,11/7 T3->T4,11/10 T4->T5,11/12 T5->T6,11/14 T6->T6,11/17 T6->T7,11/17 dissociate & plate with T7,11/18 T7->T7 (virus added),11/19 T7->T7 (no virus),11/20 T7->T8,11/21 1/2 T8->1/2 T8,11/24 1/2 T8->1/2 T8,11/25 Plate A 24h treatment,"11/26 Plate B 24h treatment + 1/2 T8->1/2 T8 + Seahorse assay (Plate A, mito stress)",12/24 Plate B RNA extraction (Trizol),,,,,,,,,"11/26 Seahorse Mito Stress assay Plate A (oligomycin/FCCP/Rot-AA, 2.5mM/0.15mM glucose +/- 1mM pyruvate, 2mM glutamine) plus genomic DNA extraction for normalization",Cells attached a bit weird for some seahorse conditions; RNA extraction/RT/qPCR continued in a linked Benchling sub-entry (etr-GBT2cZpFYDohY81g7XgV)
20251103MN,"20251103EB_MN (seahorse, RNA)",2025-11-03 - 2025-12-24,etr_6YvfSLbTKF,WT11,11/3 differentiate w/T2 (start),11/5 T2->T3,11/7 T3->T4,11/10 T4->T5,11/12 T5->T6,11/14 T6->T6,11/17 T6->T7,11/17 dissociate & plate with T7,11/18 T7->T7 (virus added),11/19 T7->T7 (no virus),11/20 T7->T8,11/21 1/2 T8->1/2 T8,11/24 1/2 T8->1/2 T8,11/25 Plate A 24h treatment,"11/26 Plate B 24h treatment + 1/2 T8->1/2 T8 + Seahorse assay (Plate A, mito stress)",12/24 Plate B RNA extraction (Trizol),,,,,,,,,"12/24 (per notebook date though timeline suggests ~11/26 same-day) Plate B RNA extraction with Trizol (24h treatment then collection), RT and qPCR (linked sub-entry)",Cells attached a bit weird for some seahorse conditions; RNA extraction/RT/qPCR continued in a linked Benchling sub-entry (etr-GBT2cZpFYDohY81g7XgV)
20251110MN,"20251110EB_MN (vLH78, 51, mitoSOX)",2025-11-10 - 2025-12-04,etr_nTRvRrfY5W,"WT11, vLH51, vLH78",11/10 differentiate w/T2 (start),11/12 T2->T3,11/14 T3->T4,11/17 T4->T5,11/19 T5->T6,11/21 T6->T6,11/24 T6->T7,11/24 dissociate & plate with T7,11/25 T7->T7 (virus added),11/26 T7->T7 (no virus),11/27 T7->T8,11/28 1/2 T8->1/2 T8,12/1 1/2 T8->1/2 T8,12/3 1/2 T8->1/2 T8,"12/4 treat 24h timepoint (vLH51/vLH78, mitoSOX)",,,,,,,,,,"12/1-12/4 vLH51/vLH78 nucGEM imaging (100x, 2.5mM/0.15mM glucose, 1h and 24h timepoints) plus MitoSOX red live imaging (500nM, 2.5mM/0.15mM glucose, 1h) with soma/neurite z-stacks",No cell line label mismatches noted; standard batch for combined GEM + mitoSOX ROS imaging comparison
20251119MN,"20251119EB_MN (NCT, IF)",2025-11-19 - 2025-12-19,etr_o7OvZHIz4Z,"WT11 P6, reporter 110, reporter 111",11/19 differentiate w/T2 (start),11/21 T2->T3,11/23 T3->T4,11/25 +4mL T4,11/26 T4->T5,11/28 T5->T6,12/1 T6->T6,12/3 T6->T7,12/4 dissociate & plate with T7,12/6 T7->T7,12/8 T7->T8,12/10 1/2 T8->1/2 T8,12/12 1/2 T8->1/2 T8,12/14 1/2 T8->1/2 T8,12/15 1/2 T8->1/2 T8,"12/16 NCT imaging (glucose flux, reporters 110/111) + IF fixation",12/17 IF secondary antibody & staining,12/19 IF imaging,,,,,,,"12/14-12/16 NCT (nucleocytoplasmic transport) live imaging of reporters 110 and 111 under continuous/recurrent/constant/no-change glucose-shift protocols (1h/9h/24h glucose timepoints, +/- pyruvate)","B6/D6 wells didn't look well after fixation (neurites broke); antibody pipetting mistake in D5 required re-staining, causing some cell detachment; many wells had cell detachment/death by IF imaging stage, limiting usable fields (esp. D3, D4, A6 excluded)"
20251119MN,"20251119EB_MN (NCT, IF)",2025-11-19 - 2025-12-19,etr_o7OvZHIz4Z,"WT11 P6, reporter 110, reporter 111",11/19 differentiate w/T2 (start),11/21 T2->T3,11/23 T3->T4,11/25 +4mL T4,11/26 T4->T5,11/28 T5->T6,12/1 T6->T6,12/3 T6->T7,12/4 dissociate & plate with T7,12/6 T7->T7,12/8 T7->T8,12/10 1/2 T8->1/2 T8,12/12 1/2 T8->1/2 T8,12/14 1/2 T8->1/2 T8,12/15 1/2 T8->1/2 T8,"12/16 NCT imaging (glucose flux, reporters 110/111) + IF fixation",12/17 IF secondary antibody & staining,12/19 IF imaging,,,,,,,"12/16-12/19 IF staining and imaging for RANGAP1, Ran, TDP43, Importin-b1 with TDP43-Halo and DAPI (60x, z-stack)","B6/D6 wells didn't look well after fixation (neurites broke); antibody pipetting mistake in D5 required re-staining, causing some cell detachment; many wells had cell detachment/death by IF imaging stage, limiting usable fields (esp. D3, D4, A6 excluded)"
20260126MN,"20260126EB_MN (NCT, 80, IF)",2026-01-26 - 2026-03-06,etr_euGEUCwgBh,"WT11, vLH80, reporter 110, reporter 111",1/26 differentiate w/T2 (start,Plate I ReleSR + Plate II accutase),1/27 observe Plate I vs Plate II (cluster comparison),1/28 T2->T3,1/30 T3->T4,2/2 T4->T5,2/4 T5->T6,2/6 T6->T6,2/9 T6->T6,2/10 T6->T7,2/10 dissociate & plate with T7,"2/12 T7->T7 (virus added: 110/111 reporters, vLH80)",2/13 T7->T8,2/14 1/2 T8->1/2 T8,2/16 1/2 T8->1/2 T8,2/18 treat SirDNA (A4/B4),2/19 imaging vLH80,"2/20 NCT imaging with recurrent hypoglycemia (treat SirDNA/SPY595, glucose flux setup)","2/21 NCT imaging cont'd (24h timepoint, TDP43 imaging, RNA extraction at 9h)",2/22 IF treatment & PFA fixation,2/23 primary antibody incubation (overnight),"2/24 secondary antibody/DAPI, attempted IF imaging (failed, scope issue)",2/27 prepare antibodies for MN identity markers,3/6 IF imaging (final),"2/19-2/20 vLH80 nucGEM imaging with SirDNA/SPY595 counterstain, recurrent-hypoglycemia protocol","Compared ReleSR vs accutase splitting for iPSCs (Plate I fewer/bigger clusters, Plate II more/smaller clusters); TDP43 signal on 2/21 judged not reliable, likely SPY595 bleedthrough, excluded from further analysis; Zymo DNA/RNA Shield RNA extraction trial had major bubble issues reducing yield; PFS focus-stabilization failed on new scope during IF imaging, switched to old scope"
20260126MN,"20260126EB_MN (NCT, 80, IF)",2026-01-26 - 2026-03-06,etr_euGEUCwgBh,"WT11, vLH80, reporter 110, reporter 111",1/26 differentiate w/T2 (start,Plate I ReleSR + Plate II accutase),1/27 observe Plate I vs Plate II (cluster comparison),1/28 T2->T3,1/30 T3->T4,2/2 T4->T5,2/4 T5->T6,2/6 T6->T6,2/9 T6->T6,2/10 T6->T7,2/10 dissociate & plate with T7,"2/12 T7->T7 (virus added: 110/111 reporters, vLH80)",2/13 T7->T8,2/14 1/2 T8->1/2 T8,2/16 1/2 T8->1/2 T8,2/18 treat SirDNA (A4/B4),2/19 imaging vLH80,"2/20 NCT imaging with recurrent hypoglycemia (treat SirDNA/SPY595, glucose flux setup)","2/21 NCT imaging cont'd (24h timepoint, TDP43 imaging, RNA extraction at 9h)",2/22 IF treatment & PFA fixation,2/23 primary antibody incubation (overnight),"2/24 secondary antibody/DAPI, attempted IF imaging (failed, scope issue)",2/27 prepare antibodies for MN identity markers,3/6 IF imaging (final),"2/20-2/21 NCT live imaging of reporters 110/111 (continuous/recurrent/constant/no-change glucose shift, 1h/9h/24h, +/-Verdinexor)","Compared ReleSR vs accutase splitting for iPSCs (Plate I fewer/bigger clusters, Plate II more/smaller clusters); TDP43 signal on 2/21 judged not reliable, likely SPY595 bleedthrough, excluded from further analysis; Zymo DNA/RNA Shield RNA extraction trial had major bubble issues reducing yield; PFS focus-stabilization failed on new scope during IF imaging, switched to old scope"
20260126MN,"20260126EB_MN (NCT, 80, IF)",2026-01-26 - 2026-03-06,etr_euGEUCwgBh,"WT11, vLH80, reporter 110, reporter 111",1/26 differentiate w/T2 (start,Plate I ReleSR + Plate II accutase),1/27 observe Plate I vs Plate II (cluster comparison),1/28 T2->T3,1/30 T3->T4,2/2 T4->T5,2/4 T5->T6,2/6 T6->T6,2/9 T6->T6,2/10 T6->T7,2/10 dissociate & plate with T7,"2/12 T7->T7 (virus added: 110/111 reporters, vLH80)",2/13 T7->T8,2/14 1/2 T8->1/2 T8,2/16 1/2 T8->1/2 T8,2/18 treat SirDNA (A4/B4),2/19 imaging vLH80,"2/20 NCT imaging with recurrent hypoglycemia (treat SirDNA/SPY595, glucose flux setup)","2/21 NCT imaging cont'd (24h timepoint, TDP43 imaging, RNA extraction at 9h)",2/22 IF treatment & PFA fixation,2/23 primary antibody incubation (overnight),"2/24 secondary antibody/DAPI, attempted IF imaging (failed, scope issue)",2/27 prepare antibodies for MN identity markers,3/6 IF imaging (final),2/21-2/22 TDP43-Halo imaging with JFX650 (+/- Verdinexor 150nM),"Compared ReleSR vs accutase splitting for iPSCs (Plate I fewer/bigger clusters, Plate II more/smaller clusters); TDP43 signal on 2/21 judged not reliable, likely SPY595 bleedthrough, excluded from further analysis; Zymo DNA/RNA Shield RNA extraction trial had major bubble issues reducing yield; PFS focus-stabilization failed on new scope during IF imaging, switched to old scope"
20260126MN,"20260126EB_MN (NCT, 80, IF)",2026-01-26 - 2026-03-06,etr_euGEUCwgBh,"WT11, vLH80, reporter 110, reporter 111",1/26 differentiate w/T2 (start,Plate I ReleSR + Plate II accutase),1/27 observe Plate I vs Plate II (cluster comparison),1/28 T2->T3,1/30 T3->T4,2/2 T4->T5,2/4 T5->T6,2/6 T6->T6,2/9 T6->T6,2/10 T6->T7,2/10 dissociate & plate with T7,"2/12 T7->T7 (virus added: 110/111 reporters, vLH80)",2/13 T7->T8,2/14 1/2 T8->1/2 T8,2/16 1/2 T8->1/2 T8,2/18 treat SirDNA (A4/B4),2/19 imaging vLH80,"2/20 NCT imaging with recurrent hypoglycemia (treat SirDNA/SPY595, glucose flux setup)","2/21 NCT imaging cont'd (24h timepoint, TDP43 imaging, RNA extraction at 9h)",2/22 IF treatment & PFA fixation,2/23 primary antibody incubation (overnight),"2/24 secondary antibody/DAPI, attempted IF imaging (failed, scope issue)",2/27 prepare antibodies for MN identity markers,3/6 IF imaging (final),"2/22-2/24 RNA extraction (Trizol vs Zymo DNA/RNA Shield comparison) and IF staining/imaging for RANGAP1, Ran, TDP43, Importin-b1, plus MN-identity markers (MNX1/HB9, Phox2b, Olig2, MAP2, VAChT, TUBB3/TUJ1) on old spinning disk confocal","Compared ReleSR vs accutase splitting for iPSCs (Plate I fewer/bigger clusters, Plate II more/smaller clusters); TDP43 signal on 2/21 judged not reliable, likely SPY595 bleedthrough, excluded from further analysis; Zymo DNA/RNA Shield RNA extraction trial had major bubble issues reducing yield; PFS focus-stabilization failed on new scope during IF imaging, switched to old scope"
20260202MN,"20260202EB_MN (TDP43, NCT, IF, Hylight)",2026-02-02 - 2026-03-06,etr_y6smk8BLvi,"WT11 P5, reporter 110, reporter 111, vLH180, vLH181",2/2 differentiate w/T2 (start,2 plates - accutase & ReleSR),2/4 T2->T3,2/6 T3->T4,2/9 T4->T5,2/11 T5->T6,2/13 T6->T6,2/16 T6->T7,2/16 dissociate & plate with T7,2/17 T7->T7 (virus added),2/18 T7->T7 (no virus),2/19 T7->T8,2/22 1/2 T8->1/2 T8,2/24 1/2 T8->1/2 T8,"2/25 imaging Hylight/TDP43 (treat w/ JFX650, Rot/AA, 2DG)",2/26 TDP43 24h imaging + NCT imaging (glycolysis/mito stress),"2/27 continued TDP43 imaging (B4-B6, 24h reads)",2/28 IF treatment & PFA fixation (MMS),3/6 IF imaging (final),,,,,,2/25-2/27 Hylight (vLH180/vLH181) live imaging with Rot/AA and 2DG metabolic stress treatment,"Hylight vLH180 optimal at 1.5uL (some debris, diffused signal visible), vLH181 mostly poor signal except D3; first use of SPY505 dye for baseline imaging worked well; MMS DNA-damage IF added to assess genotoxic stress response"
20260202MN,"20260202EB_MN (TDP43, NCT, IF, Hylight)",2026-02-02 - 2026-03-06,etr_y6smk8BLvi,"WT11 P5, reporter 110, reporter 111, vLH180, vLH181",2/2 differentiate w/T2 (start,2 plates - accutase & ReleSR),2/4 T2->T3,2/6 T3->T4,2/9 T4->T5,2/11 T5->T6,2/13 T6->T6,2/16 T6->T7,2/16 dissociate & plate with T7,2/17 T7->T7 (virus added),2/18 T7->T7 (no virus),2/19 T7->T8,2/22 1/2 T8->1/2 T8,2/24 1/2 T8->1/2 T8,"2/25 imaging Hylight/TDP43 (treat w/ JFX650, Rot/AA, 2DG)",2/26 TDP43 24h imaging + NCT imaging (glycolysis/mito stress),"2/27 continued TDP43 imaging (B4-B6, 24h reads)",2/28 IF treatment & PFA fixation (MMS),3/6 IF imaging (final),,,,,,2/25-2/27 TDP43-Halo imaging with JFX650 (+/- Leptomycin B/LMB),"Hylight vLH180 optimal at 1.5uL (some debris, diffused signal visible), vLH181 mostly poor signal except D3; first use of SPY505 dye for baseline imaging worked well; MMS DNA-damage IF added to assess genotoxic stress response"
20260202MN,"20260202EB_MN (TDP43, NCT, IF, Hylight)",2026-02-02 - 2026-03-06,etr_y6smk8BLvi,"WT11 P5, reporter 110, reporter 111, vLH180, vLH181",2/2 differentiate w/T2 (start,2 plates - accutase & ReleSR),2/4 T2->T3,2/6 T3->T4,2/9 T4->T5,2/11 T5->T6,2/13 T6->T6,2/16 T6->T7,2/16 dissociate & plate with T7,2/17 T7->T7 (virus added),2/18 T7->T7 (no virus),2/19 T7->T8,2/22 1/2 T8->1/2 T8,2/24 1/2 T8->1/2 T8,"2/25 imaging Hylight/TDP43 (treat w/ JFX650, Rot/AA, 2DG)",2/26 TDP43 24h imaging + NCT imaging (glycolysis/mito stress),"2/27 continued TDP43 imaging (B4-B6, 24h reads)",2/28 IF treatment & PFA fixation (MMS),3/6 IF imaging (final),,,,,,"2/26-2/27 NCT imaging of reporters 110/111 (continuous/recurrent/constant glucose shift, 1h/9h/24h) with SirDNA","Hylight vLH180 optimal at 1.5uL (some debris, diffused signal visible), vLH181 mostly poor signal except D3; first use of SPY505 dye for baseline imaging worked well; MMS DNA-damage IF added to assess genotoxic stress response"
20260202MN,"20260202EB_MN (TDP43, NCT, IF, Hylight)",2026-02-02 - 2026-03-06,etr_y6smk8BLvi,"WT11 P5, reporter 110, reporter 111, vLH180, vLH181",2/2 differentiate w/T2 (start,2 plates - accutase & ReleSR),2/4 T2->T3,2/6 T3->T4,2/9 T4->T5,2/11 T5->T6,2/13 T6->T6,2/16 T6->T7,2/16 dissociate & plate with T7,2/17 T7->T7 (virus added),2/18 T7->T7 (no virus),2/19 T7->T8,2/22 1/2 T8->1/2 T8,2/24 1/2 T8->1/2 T8,"2/25 imaging Hylight/TDP43 (treat w/ JFX650, Rot/AA, 2DG)",2/26 TDP43 24h imaging + NCT imaging (glycolysis/mito stress),"2/27 continued TDP43 imaging (B4-B6, 24h reads)",2/28 IF treatment & PFA fixation (MMS),3/6 IF imaging (final),,,,,,"2/27-3/6 IF staining/imaging for RANGAP1, Ran, TDP43, Importin-b1, gamma-H2A.X, with MMS (DNA damage) dose-response (0, 0.5, 2, 5mM)","Hylight vLH180 optimal at 1.5uL (some debris, diffused signal visible), vLH181 mostly poor signal except D3; first use of SPY505 dye for baseline imaging worked well; MMS DNA-damage IF added to assess genotoxic stress response"
20260217MN,"20260217EB_MN (TDP43, ATP, IF, RNA, Hylight test)",2026-02-17 - 2026-04-08,etr_ehWBL4rlIi,WT11,"2/17 differentiate T2 (start, dish A&B)",2/19 T2->T3,2/21 T3->T4,2/23 T4->T5,2/25 T5->T6,2/27 T6->T6 (over-weekend),2/28 T6->T7,3/2 dissociation,3/3 T7->T7 (+virus)/T7->T7 (no virus),3/4 T7->T8,3/5 1/2 T8->1/2 T8,3/7 1/2 T8->1/2 T8,3/9 1/2 T8->1/2 T8,,,,,,,,,,,,"TDP43 imaging with hypoglycemia+LMB (glucose titration, JFX650/SPY505) ~3/11-3/12","Dish A and B biological replicates; TDP43/N-C ratio hypoglycemia experiment repeated after weird prior results; most 8-well chamber wells detached with heavy bacterial contamination at IF imaging step - did not image chamber slide, only imaged 24-well plate (still had contamination but usable)"
20260217MN,"20260217EB_MN (TDP43, ATP, IF, RNA, Hylight test)",2026-02-17 - 2026-04-08,etr_ehWBL4rlIi,WT11,"2/17 differentiate T2 (start, dish A&B)",2/19 T2->T3,2/21 T3->T4,2/23 T4->T5,2/25 T5->T6,2/27 T6->T6 (over-weekend),2/28 T6->T7,3/2 dissociation,3/3 T7->T7 (+virus)/T7->T7 (no virus),3/4 T7->T8,3/5 1/2 T8->1/2 T8,3/7 1/2 T8->1/2 T8,3/9 1/2 T8->1/2 T8,,,,,,,,,,,,ATP/ADP ratio imaging with glucose titration 3/13 (fileID vLH92),"Dish A and B biological replicates; TDP43/N-C ratio hypoglycemia experiment repeated after weird prior results; most 8-well chamber wells detached with heavy bacterial contamination at IF imaging step - did not image chamber slide, only imaged 24-well plate (still had contamination but usable)"
20260217MN,"20260217EB_MN (TDP43, ATP, IF, RNA, Hylight test)",2026-02-17 - 2026-04-08,etr_ehWBL4rlIi,WT11,"2/17 differentiate T2 (start, dish A&B)",2/19 T2->T3,2/21 T3->T4,2/23 T4->T5,2/25 T5->T6,2/27 T6->T6 (over-weekend),2/28 T6->T7,3/2 dissociation,3/3 T7->T7 (+virus)/T7->T7 (no virus),3/4 T7->T8,3/5 1/2 T8->1/2 T8,3/7 1/2 T8->1/2 T8,3/9 1/2 T8->1/2 T8,,,,,,,,,,,,"IF (TDP43, Importin-b1, RANGAP1, Ran, HNRNPA2B1) 3/19-3/20 (8-well chamber and 24-well)","Dish A and B biological replicates; TDP43/N-C ratio hypoglycemia experiment repeated after weird prior results; most 8-well chamber wells detached with heavy bacterial contamination at IF imaging step - did not image chamber slide, only imaged 24-well plate (still had contamination but usable)"
20260217MN,"20260217EB_MN (TDP43, ATP, IF, RNA, Hylight test)",2026-02-17 - 2026-04-08,etr_ehWBL4rlIi,WT11,"2/17 differentiate T2 (start, dish A&B)",2/19 T2->T3,2/21 T3->T4,2/23 T4->T5,2/25 T5->T6,2/27 T6->T6 (over-weekend),2/28 T6->T7,3/2 dissociation,3/3 T7->T7 (+virus)/T7->T7 (no virus),3/4 T7->T8,3/5 1/2 T8->1/2 T8,3/7 1/2 T8->1/2 T8,3/9 1/2 T8->1/2 T8,,,,,,,,,,,,RNA collected 24h (3/12),"Dish A and B biological replicates; TDP43/N-C ratio hypoglycemia experiment repeated after weird prior results; most 8-well chamber wells detached with heavy bacterial contamination at IF imaging step - did not image chamber slide, only imaged 24-well plate (still had contamination but usable)"
20260224MN,"20260224EB_MN (NCT, ATP, TDP43, IF, RNA)",2026-02-24 - 2026-04-08,etr_Op247TgO9Q,"WT11, vLH92, vLH110, vLH111",2/24 differentiate T2 (start),2/26 T2->T3,2/28 T3->T4,3/2 T4->T5,3/4 T5->T6,3/6 T6->T6 (over-weekend),3/7 T6->T7,3/9 dissociation,3/11 T7->T7 (+virus),3/12 T7->T7 (no virus),3/13 T7->T8,3/14 1/2 T8->1/2 T8,3/17 1/2 T8->1/2 T8,3/19 1/2 T8->1/2 T8,,,,,,,,,,,"NCT imaging (1h/24h, vLH110/111) 3/17-3/18","Most 8-well chamber wells detached with heavy bacterial contamination - only imaged 24-well plate TDP43 staining (B4-6), still contaminated but usable"
20260224MN,"20260224EB_MN (NCT, ATP, TDP43, IF, RNA)",2026-02-24 - 2026-04-08,etr_Op247TgO9Q,"WT11, vLH92, vLH110, vLH111",2/24 differentiate T2 (start),2/26 T2->T3,2/28 T3->T4,3/2 T4->T5,3/4 T5->T6,3/6 T6->T6 (over-weekend),3/7 T6->T7,3/9 dissociation,3/11 T7->T7 (+virus),3/12 T7->T7 (no virus),3/13 T7->T8,3/14 1/2 T8->1/2 T8,3/17 1/2 T8->1/2 T8,3/19 1/2 T8->1/2 T8,,,,,,,,,,,"RNA with Recurrent Low Glucose (RLG) protocol D1-D3 treatments 3/18-3/21, RNA collected 3/21","Most 8-well chamber wells detached with heavy bacterial contamination - only imaged 24-well plate TDP43 staining (B4-6), still contaminated but usable"
20260224MN,"20260224EB_MN (NCT, ATP, TDP43, IF, RNA)",2026-02-24 - 2026-04-08,etr_Op247TgO9Q,"WT11, vLH92, vLH110, vLH111",2/24 differentiate T2 (start),2/26 T2->T3,2/28 T3->T4,3/2 T4->T5,3/4 T5->T6,3/6 T6->T6 (over-weekend),3/7 T6->T7,3/9 dissociation,3/11 T7->T7 (+virus),3/12 T7->T7 (no virus),3/13 T7->T8,3/14 1/2 T8->1/2 T8,3/17 1/2 T8->1/2 T8,3/19 1/2 T8->1/2 T8,,,,,,,,,,,"TDP43 imaging (9h recurrent hypoglycemia, SPY505/JFX650) 3/20","Most 8-well chamber wells detached with heavy bacterial contamination - only imaged 24-well plate TDP43 staining (B4-6), still contaminated but usable"
20260224MN,"20260224EB_MN (NCT, ATP, TDP43, IF, RNA)",2026-02-24 - 2026-04-08,etr_Op247TgO9Q,"WT11, vLH92, vLH110, vLH111",2/24 differentiate T2 (start),2/26 T2->T3,2/28 T3->T4,3/2 T4->T5,3/4 T5->T6,3/6 T6->T6 (over-weekend),3/7 T6->T7,3/9 dissociation,3/11 T7->T7 (+virus),3/12 T7->T7 (no virus),3/13 T7->T8,3/14 1/2 T8->1/2 T8,3/17 1/2 T8->1/2 T8,3/19 1/2 T8->1/2 T8,,,,,,,,,,,ATP/ADP imaging (pyruvate/no-pyruvate/0mM glucose) 3/21,"Most 8-well chamber wells detached with heavy bacterial contamination - only imaged 24-well plate TDP43 staining (B4-6), still contaminated but usable"
20260224MN,"20260224EB_MN (NCT, ATP, TDP43, IF, RNA)",2026-02-24 - 2026-04-08,etr_Op247TgO9Q,"WT11, vLH92, vLH110, vLH111",2/24 differentiate T2 (start),2/26 T2->T3,2/28 T3->T4,3/2 T4->T5,3/4 T5->T6,3/6 T6->T6 (over-weekend),3/7 T6->T7,3/9 dissociation,3/11 T7->T7 (+virus),3/12 T7->T7 (no virus),3/13 T7->T8,3/14 1/2 T8->1/2 T8,3/17 1/2 T8->1/2 T8,3/19 1/2 T8->1/2 T8,,,,,,,,,,,TDP43 IF after ATP imaging 3/21 (fixed ~19:00),"Most 8-well chamber wells detached with heavy bacterial contamination - only imaged 24-well plate TDP43 staining (B4-6), still contaminated but usable"
20260224MN,"20260224EB_MN (NCT, ATP, TDP43, IF, RNA)",2026-02-24 - 2026-04-08,etr_Op247TgO9Q,"WT11, vLH92, vLH110, vLH111",2/24 differentiate T2 (start),2/26 T2->T3,2/28 T3->T4,3/2 T4->T5,3/4 T5->T6,3/6 T6->T6 (over-weekend),3/7 T6->T7,3/9 dissociation,3/11 T7->T7 (+virus),3/12 T7->T7 (no virus),3/13 T7->T8,3/14 1/2 T8->1/2 T8,3/17 1/2 T8->1/2 T8,3/19 1/2 T8->1/2 T8,,,,,,,,,,,"IF imaging (TDP-43, Importin-b1, RANGAP1, Ran, HNRNPA2B1) 3/24-3/25","Most 8-well chamber wells detached with heavy bacterial contamination - only imaged 24-well plate TDP43 staining (B4-6), still contaminated but usable"
20260302MN,"20260302EB_MN (NCT, RNA)",2026-03-02 - 2026-03-27,etr_3xr0YtmR3i,"WT11 (P2), vLH110, vLH111, vLH185",3/2 differentiate T2 (start),3/4 T2->T3,3/6 T3->T4 (over-weekend),3/9 T4->T5,3/11 T5->T6,3/13 T6->T6 (over-weekend),3/16 T6->T7,3/17 dissociation,3/18 T7->T7 (+virus),3/19 T7->T7 (no virus),3/20 T7->T8,3/23 1/2 T8->1/2 T8,3/25 1/2 T8->1/2 T8,,,,,,,,,,,,"NCT imaging (1h/24h, reporters 110/111/185) batch A 3/25, batch B 3/27",Cells on glass-bottom plate grew poorly (excess virus suspected); P2 iPSC-derived MNs attached poorly three times -> recommend avoiding P2 iPSCs going forward; NCT timing error (15min instead of 30min interval); -80 freezer down so RNA stored in -20
20260302MN,"20260302EB_MN (NCT, RNA)",2026-03-02 - 2026-03-27,etr_3xr0YtmR3i,"WT11 (P2), vLH110, vLH111, vLH185",3/2 differentiate T2 (start),3/4 T2->T3,3/6 T3->T4 (over-weekend),3/9 T4->T5,3/11 T5->T6,3/13 T6->T6 (over-weekend),3/16 T6->T7,3/17 dissociation,3/18 T7->T7 (+virus),3/19 T7->T7 (no virus),3/20 T7->T8,3/23 1/2 T8->1/2 T8,3/25 1/2 T8->1/2 T8,,,,,,,,,,,,RNA extraction (Trizol) 3/27 18:40-19:40,Cells on glass-bottom plate grew poorly (excess virus suspected); P2 iPSC-derived MNs attached poorly three times -> recommend avoiding P2 iPSCs going forward; NCT timing error (15min instead of 30min interval); -80 freezer down so RNA stored in -20
20260309MN,"20260309EB_MN (ATP, RNA)",2026-03-09 - 2026-04-03,etr_dhvVrKcnxe,"WT11 (batch A: P3/YST0004 slow-growing; batch B: P2/YST0005 newly thawed), vLH92, vLH105, vLH185",3/9 differentiate T2 (start),3/11 T2->T3,3/13 T3->T4 (over-weekend),3/16 T4->T5,3/18 T5->T6,3/20 T6->T6 (over-weekend),3/23 T6->T7,3/24 dissociation,3/25 T7->T7 (+virus),3/26 T7->T8,3/28 1/2 T8->1/2 T8,3/30 1/2 T8->1/2 T8,4/1 1/2 T8->1/2 T8,,,,,,,,,,,,"ATP/ADP imaging with/without pyruvate (glucose titration, +neurite images) Plate II 4/1",Batch A did not grow in every well (a lot of debris); vLH185 signal generally poor/bad with tested laser settings; some wells showed unhealthy cells/beading neurites at 24h without pyruvate
20260309MN,"20260309EB_MN (ATP, RNA)",2026-03-09 - 2026-04-03,etr_dhvVrKcnxe,"WT11 (batch A: P3/YST0004 slow-growing; batch B: P2/YST0005 newly thawed), vLH92, vLH105, vLH185",3/9 differentiate T2 (start),3/11 T2->T3,3/13 T3->T4 (over-weekend),3/16 T4->T5,3/18 T5->T6,3/20 T6->T6 (over-weekend),3/23 T6->T7,3/24 dissociation,3/25 T7->T7 (+virus),3/26 T7->T8,3/28 1/2 T8->1/2 T8,3/30 1/2 T8->1/2 T8,4/1 1/2 T8->1/2 T8,,,,,,,,,,,,reporter expression check (vLH105/vLH185) 4/2,Batch A did not grow in every well (a lot of debris); vLH185 signal generally poor/bad with tested laser settings; some wells showed unhealthy cells/beading neurites at 24h without pyruvate
20260309MN,"20260309EB_MN (ATP, RNA)",2026-03-09 - 2026-04-03,etr_dhvVrKcnxe,"WT11 (batch A: P3/YST0004 slow-growing; batch B: P2/YST0005 newly thawed), vLH92, vLH105, vLH185",3/9 differentiate T2 (start),3/11 T2->T3,3/13 T3->T4 (over-weekend),3/16 T4->T5,3/18 T5->T6,3/20 T6->T6 (over-weekend),3/23 T6->T7,3/24 dissociation,3/25 T7->T7 (+virus),3/26 T7->T8,3/28 1/2 T8->1/2 T8,3/30 1/2 T8->1/2 T8,4/1 1/2 T8->1/2 T8,,,,,,,,,,,,"RNA extraction (1h/24h, no pyruvate) 4/2 13:00-14:00",Batch A did not grow in every well (a lot of debris); vLH185 signal generally poor/bad with tested laser settings; some wells showed unhealthy cells/beading neurites at 24h without pyruvate
20260309MN,"20260309EB_MN (ATP, RNA)",2026-03-09 - 2026-04-03,etr_dhvVrKcnxe,"WT11 (batch A: P3/YST0004 slow-growing; batch B: P2/YST0005 newly thawed), vLH92, vLH105, vLH185",3/9 differentiate T2 (start),3/11 T2->T3,3/13 T3->T4 (over-weekend),3/16 T4->T5,3/18 T5->T6,3/20 T6->T6 (over-weekend),3/23 T6->T7,3/24 dissociation,3/25 T7->T7 (+virus),3/26 T7->T8,3/28 1/2 T8->1/2 T8,3/30 1/2 T8->1/2 T8,4/1 1/2 T8->1/2 T8,,,,,,,,,,,,ATP/ADP imaging Plate I with pyruvate/no-pyruvate/10mM lactate (+neurite) 4/3,Batch A did not grow in every well (a lot of debris); vLH185 signal generally poor/bad with tested laser settings; some wells showed unhealthy cells/beading neurites at 24h without pyruvate
20260323MN,"20260323EB_MN (NCT, ATP)",2026-03-23 - 2026-04-16,etr_U4QVoDBtcD,"WT11 (P6), vLH92, vLH105, vLH110, vLH111",3/23 differentiate T2 (start),3/25 T2->T3,3/27 T3->T4 (over-weekend),3/30 T4->T5,4/1 T5->T6,4/3 T6->T6 (over-weekend),4/6 T6->T7,4/6 dissociation,4/7 T7->T7,4/9 T7->T8,4/11 1/2 T8->1/2 T8,4/13 1/2 T8->1/2 T8,4/15 1/2 T8->1/2 T8,,,,,,,,,,,,"NCT imaging with MMS titration (0/0.5/1/3mM, reporters 110/111) 4/18","110/111 cells seemed stressed at T7->T8 transition, possibly due to higher late-aliquot virus titer; pHred signal interpretation uncertain (560 channel associated with 488 but not always)"
20260323MN,"20260323EB_MN (NCT, ATP)",2026-03-23 - 2026-04-16,etr_U4QVoDBtcD,"WT11 (P6), vLH92, vLH105, vLH110, vLH111",3/23 differentiate T2 (start),3/25 T2->T3,3/27 T3->T4 (over-weekend),3/30 T4->T5,4/1 T5->T6,4/3 T6->T6 (over-weekend),4/6 T6->T7,4/6 dissociation,4/7 T7->T7,4/9 T7->T8,4/11 1/2 T8->1/2 T8,4/13 1/2 T8->1/2 T8,4/15 1/2 T8->1/2 T8,,,,,,,,,,,,ATP/ADP (Perceval) imaging with MMS titration 4/16,"110/111 cells seemed stressed at T7->T8 transition, possibly due to higher late-aliquot virus titer; pHred signal interpretation uncertain (560 channel associated with 488 but not always)"
20260323MN,"20260323EB_MN (NCT, ATP)",2026-03-23 - 2026-04-16,etr_U4QVoDBtcD,"WT11 (P6), vLH92, vLH105, vLH110, vLH111",3/23 differentiate T2 (start),3/25 T2->T3,3/27 T3->T4 (over-weekend),3/30 T4->T5,4/1 T5->T6,4/3 T6->T6 (over-weekend),4/6 T6->T7,4/6 dissociation,4/7 T7->T7,4/9 T7->T8,4/11 1/2 T8->1/2 T8,4/13 1/2 T8->1/2 T8,4/15 1/2 T8->1/2 T8,,,,,,,,,,,,ATP/ADP imaging with 2DG titration and pyruvate/lactate conditions (pHred) 4/16,"110/111 cells seemed stressed at T7->T8 transition, possibly due to higher late-aliquot virus titer; pHred signal interpretation uncertain (560 channel associated with 488 but not always)"
20260330MN,20260330 & 20250401EB_MN,2026-03-30 - 2026-04-24,etr_lECcGmE0Jv,"WT11 (P8), JiPSC1000, JiPSC1066, JiPSC1108, vLH185, vLH187",3/30 WT11 differentiate T2 (start),"4/1 WT11 T2->T3, JiPSC1000/1066/1108 start differentiation T2","4/3 WT11 T3->T4 (over-weekend), JiPSC T2->T3",4/5 JiPSC T3->T4,"4/6 WT11 T4->T5, JiPSC add 4mL T4","4/7 WT11 T5->T6, JiPSC T4->T5",4/8 JiPSC T5->T6,4/10 WT11 T6->T6 (over-weekend),4/13 WT11 T6->T7,4/14 dissociation,4/15 T7->T7 (+virus),4/16 1/2 T7->1/2 T7 (no virus),4/17 T7->T8,4/19 1/2 T8->1/2 T8,4/21 1/2 T8->1/2 T8,4/22 1/2 T8->1/2 T8,,,,,,,,,Virus test well check (vLH185/187) 4/22,iPSC1000 and iPSC1108 grew/attached very poorly; new trypsin lot over-digested cells; found virus batch made cells unhealthy - decided to discard that virus prep; difficulty defining cytoplasmic segmentation for iPSC1066 line
20260330MN,20260330 & 20250401EB_MN,2026-03-30 - 2026-04-24,etr_lECcGmE0Jv,"WT11 (P8), JiPSC1000, JiPSC1066, JiPSC1108, vLH185, vLH187",3/30 WT11 differentiate T2 (start),"4/1 WT11 T2->T3, JiPSC1000/1066/1108 start differentiation T2","4/3 WT11 T3->T4 (over-weekend), JiPSC T2->T3",4/5 JiPSC T3->T4,"4/6 WT11 T4->T5, JiPSC add 4mL T4","4/7 WT11 T5->T6, JiPSC T4->T5",4/8 JiPSC T5->T6,4/10 WT11 T6->T6 (over-weekend),4/13 WT11 T6->T7,4/14 dissociation,4/15 T7->T7 (+virus),4/16 1/2 T7->1/2 T7 (no virus),4/17 T7->T8,4/19 1/2 T8->1/2 T8,4/21 1/2 T8->1/2 T8,4/22 1/2 T8->1/2 T8,,,,,,,,,"IF (glucose/pyruvate titration, TDP-43 then TUBB3) treat 4/23, fix/stain 4/23-4/24, imaging 4/24",iPSC1000 and iPSC1108 grew/attached very poorly; new trypsin lot over-digested cells; found virus batch made cells unhealthy - decided to discard that virus prep; difficulty defining cytoplasmic segmentation for iPSC1066 line
20260406MN,20260406EB_MN (IF),2026-04-06 - 2026-05-25,etr_NO8IheshRG,"WT11 (P10), JiPSC1000, JiPSC1066, JiPSC1108",4/6 differentiate T2 (start),4/8 T2->T3,4/10 T3->T4 (over-weekend),4/13 T4->T5,4/15 T5->T6,4/17 T6->T6 (over-weekend),4/19 T6->T7,4/20 dissociation,4/21 1/2 T7->1/2 T7,4/22 T7->T8,4/23 1/2 T8->1/2 T8,4/24 1/2 T8->1/2 T8,4/26 1/2 T8->1/2 T8,,,,,,,,,,,,IF: MMS titration (0-3mM) and glucose titration (20mM down to 0mM) treat/fix ~4/21-4/24,1000 and 1108 lines again attached very badly (same issue as 20260401 batch); no clear stress granule formation observed in MNs by G3BP2/H2AX; some non-MN contamination noted in imaged fields
20260406MN,20260406EB_MN (IF),2026-04-06 - 2026-05-25,etr_NO8IheshRG,"WT11 (P10), JiPSC1000, JiPSC1066, JiPSC1108",4/6 differentiate T2 (start),4/8 T2->T3,4/10 T3->T4 (over-weekend),4/13 T4->T5,4/15 T5->T6,4/17 T6->T6 (over-weekend),4/19 T6->T7,4/20 dissociation,4/21 1/2 T7->1/2 T7,4/22 T7->T8,4/23 1/2 T8->1/2 T8,4/24 1/2 T8->1/2 T8,4/26 1/2 T8->1/2 T8,,,,,,,,,,,,HEK-cell arsenite positive-control test for stress granules,1000 and 1108 lines again attached very badly (same issue as 20260401 batch); no clear stress granule formation observed in MNs by G3BP2/H2AX; some non-MN contamination noted in imaged fields
20260406MN,20260406EB_MN (IF),2026-04-06 - 2026-05-25,etr_NO8IheshRG,"WT11 (P10), JiPSC1000, JiPSC1066, JiPSC1108",4/6 differentiate T2 (start),4/8 T2->T3,4/10 T3->T4 (over-weekend),4/13 T4->T5,4/15 T5->T6,4/17 T6->T6 (over-weekend),4/19 T6->T7,4/20 dissociation,4/21 1/2 T7->1/2 T7,4/22 T7->T8,4/23 1/2 T8->1/2 T8,4/24 1/2 T8->1/2 T8,4/26 1/2 T8->1/2 T8,,,,,,,,,,,,"IF imaging (H2AX, G3BP2, TIA1 backup) 5/20-5/25",1000 and 1108 lines again attached very badly (same issue as 20260401 batch); no clear stress granule formation observed in MNs by G3BP2/H2AX; some non-MN contamination noted in imaged fields
20260413MN,"20260413EB_MN (NCT, ATP)",2026-04-13 - 2026-05-09,etr_CovV0f5zZH,"WT11 (P12), vLH92, vLH105, vLH110, vLH111, vLH185",4/13 differentiate T2 (start),4/15 T2->T3,4/17 T3->T4 (over-weekend),4/20 T4->T5,4/22 T5->T6,4/24 T6->T6 (over-weekend),4/27 T6->T7,4/28 dissociation,4/30 T7->T7 (+virus),5/1 T7->BP T8,5/3 1/2 BP T8->1/2 BP T8,5/5 1/2 BP T8->1/2 BP T8,5/6 1/2 BP T8->1/2 BP T8,,,,,,,,,,,,NCT & ATP/ADP imaging with MMS titration 5/6-5/8,"Cells with MMS from prior day died (A1 also died despite no MMS, suspected SirDNA toxicity); water bath found dried out at unknown time during an experiment"
20260413MN,"20260413EB_MN (NCT, ATP)",2026-04-13 - 2026-05-09,etr_CovV0f5zZH,"WT11 (P12), vLH92, vLH105, vLH110, vLH111, vLH185",4/13 differentiate T2 (start),4/15 T2->T3,4/17 T3->T4 (over-weekend),4/20 T4->T5,4/22 T5->T6,4/24 T6->T6 (over-weekend),4/27 T6->T7,4/28 dissociation,4/30 T7->T7 (+virus),5/1 T7->BP T8,5/3 1/2 BP T8->1/2 BP T8,5/5 1/2 BP T8->1/2 BP T8,5/6 1/2 BP T8->1/2 BP T8,,,,,,,,,,,,ATP/ADP imaging with glucose titration + pyruvate 5/7-5/8,"Cells with MMS from prior day died (A1 also died despite no MMS, suspected SirDNA toxicity); water bath found dried out at unknown time during an experiment"
20260413MN,"20260413EB_MN (NCT, ATP)",2026-04-13 - 2026-05-09,etr_CovV0f5zZH,"WT11 (P12), vLH92, vLH105, vLH110, vLH111, vLH185",4/13 differentiate T2 (start),4/15 T2->T3,4/17 T3->T4 (over-weekend),4/20 T4->T5,4/22 T5->T6,4/24 T6->T6 (over-weekend),4/27 T6->T7,4/28 dissociation,4/30 T7->T7 (+virus),5/1 T7->BP T8,5/3 1/2 BP T8->1/2 BP T8,5/5 1/2 BP T8->1/2 BP T8,5/6 1/2 BP T8->1/2 BP T8,,,,,,,,,,,,NCT/ATP glucose titration with pH correction/NH4Cl calibration experiment 5/8-5/9,"Cells with MMS from prior day died (A1 also died despite no MMS, suspected SirDNA toxicity); water bath found dried out at unknown time during an experiment"
20260413MN,"20260413EB_MN (NCT, ATP)",2026-04-13 - 2026-05-09,etr_CovV0f5zZH,"WT11 (P12), vLH92, vLH105, vLH110, vLH111, vLH185",4/13 differentiate T2 (start),4/15 T2->T3,4/17 T3->T4 (over-weekend),4/20 T4->T5,4/22 T5->T6,4/24 T6->T6 (over-weekend),4/27 T6->T7,4/28 dissociation,4/30 T7->T7 (+virus),5/1 T7->BP T8,5/3 1/2 BP T8->1/2 BP T8,5/5 1/2 BP T8->1/2 BP T8,5/6 1/2 BP T8->1/2 BP T8,,,,,,,,,,,,non-classical import rate imaging 5/8-5/9,"Cells with MMS from prior day died (A1 also died despite no MMS, suspected SirDNA toxicity); water bath found dried out at unknown time during an experiment"
20260413MN,"20260413EB_MN (NCT, ATP)",2026-04-13 - 2026-05-09,etr_CovV0f5zZH,"WT11 (P12), vLH92, vLH105, vLH110, vLH111, vLH185",4/13 differentiate T2 (start),4/15 T2->T3,4/17 T3->T4 (over-weekend),4/20 T4->T5,4/22 T5->T6,4/24 T6->T6 (over-weekend),4/27 T6->T7,4/28 dissociation,4/30 T7->T7 (+virus),5/1 T7->BP T8,5/3 1/2 BP T8->1/2 BP T8,5/5 1/2 BP T8->1/2 BP T8,5/6 1/2 BP T8->1/2 BP T8,,,,,,,,,,,,NCT with vLH185 glucose titration 5/9,"Cells with MMS from prior day died (A1 also died despite no MMS, suspected SirDNA toxicity); water bath found dried out at unknown time during an experiment"
20260415MN,20260415EB_MN (RNA),2026-04-15 - 2026-05-13,etr_CGC6hPAJ65,"iPSC1000, iPSC1066, iPSC1108",4/15 differentiate (start),4/17 T2->T3,4/19 T3->T4 (over-weekend),4/22 T4->T5,4/24 T5->T6,4/27 T6->T6 (over-weekend),4/29 T6->T7,4/29 dissociation,5/1 T7->T8,5/3 1/2 T8->1/2 T8,5/5 1/2 T8->1/2 T8,5/7 1/2 T8->1/2 T8,5/9 1/2 T8->1/2 T8,5/11 1/2 T8->1/2 T8,,,,,,,,,,,"RNA extraction after 1h MMS treatment (0mM vs 1.5mM) 5/13, treated 21:45-50, collected 22:45-50 (Trizol)",MMS may have partially hydrolyzed since media was prepared around noon before evening treatment
20260420MN,"20260420EB_MN (NCT, RNA)",2026-04-20 - 2026-05-15,etr_TeuWCNpExG,"WT11 (P13), iPSC1000, iPSC1066, iPSC1108, vLH110, vLH111",4/20 differentiate T2 (start),4/22 T2->T3,4/24 T3->T4 (over-weekend),4/27 T4->T5,4/29 T5->T6,5/1 T6->T6 (over-weekend),5/4 T6->T7,5/5 dissociation,5/6 T7->T7 (+virus),5/7 T7->T7 (no virus),5/9 T7->T8,5/11 1/2 T8->1/2 T8,5/13 1/2 T8->1/2 T8,5/13 1/2 T8->1/2 T8 (2nd plate),,,,,,,,,,,"NCT imaging with MMS titration (0-2.5mM) 5/13, recovery observations through 5/14",Import reporter (NCT) found more sensitive to MMS toxicity than export reporter; MMS suspected to hydrolyze in aqueous solution reducing potency; most cells died at higher MMS concentrations (>=1mM) with poor recovery
20260420MN,"20260420EB_MN (NCT, RNA)",2026-04-20 - 2026-05-15,etr_TeuWCNpExG,"WT11 (P13), iPSC1000, iPSC1066, iPSC1108, vLH110, vLH111",4/20 differentiate T2 (start),4/22 T2->T3,4/24 T3->T4 (over-weekend),4/27 T4->T5,4/29 T5->T6,5/1 T6->T6 (over-weekend),5/4 T6->T7,5/5 dissociation,5/6 T7->T7 (+virus),5/7 T7->T7 (no virus),5/9 T7->T8,5/11 1/2 T8->1/2 T8,5/13 1/2 T8->1/2 T8,5/13 1/2 T8->1/2 T8 (2nd plate),,,,,,,,,,,"NCT with MMS+PARP1 inhibitor (olaparib) 5/14-5/15, recovery imaging/timelapse (PI viability) 5/15-5/16",Import reporter (NCT) found more sensitive to MMS toxicity than export reporter; MMS suspected to hydrolyze in aqueous solution reducing potency; most cells died at higher MMS concentrations (>=1mM) with poor recovery
20260420MN,"20260420EB_MN (NCT, RNA)",2026-04-20 - 2026-05-15,etr_TeuWCNpExG,"WT11 (P13), iPSC1000, iPSC1066, iPSC1108, vLH110, vLH111",4/20 differentiate T2 (start),4/22 T2->T3,4/24 T3->T4 (over-weekend),4/27 T4->T5,4/29 T5->T6,5/1 T6->T6 (over-weekend),5/4 T6->T7,5/5 dissociation,5/6 T7->T7 (+virus),5/7 T7->T7 (no virus),5/9 T7->T8,5/11 1/2 T8->1/2 T8,5/13 1/2 T8->1/2 T8,5/13 1/2 T8->1/2 T8 (2nd plate),,,,,,,,,,,RNA extraction (MMS 0mM vs 1.5mM +/- olaparib) 5/15,Import reporter (NCT) found more sensitive to MMS toxicity than export reporter; MMS suspected to hydrolyze in aqueous solution reducing potency; most cells died at higher MMS concentrations (>=1mM) with poor recovery
20260519MN,"20260519EB_MN (NCT, ATP, 51)",2026-05-19 - 2026-06-15,etr_1PeJi6i210,"WT11 (P2, batches A/B), vLH51, vLH92, vLH105, vLH110, vLH111",5/19 differentiate T2 (start),5/21 T2->T3,5/23 T3->T4 (over-weekend),5/26 T4->T5,5/28 T5->T6,5/30 T6->T6 (over-weekend),6/2 T6->T6 (10mL top-up),6/3 T6->T7,6/4 dissociation,6/6 T7->T7,6/8 T7->T8,6/10 1/2 T8->1/2 T8,6/11 1/2 T8->1/2 T8,,,,,,,,,,,,vLH51 cytoGEM imaging in neurites/soma with glucose titration + Halo dye titration (1/6/10nM) and TDP43 movie 6/13-6/14,"Cells looked sick/many dead in general during this batch's MMS experiments, especially at higher MMS concentrations; 1nM Halo dye insufficient to see TDP43 granules, 6nM needed"
20260519MN,"20260519EB_MN (NCT, ATP, 51)",2026-05-19 - 2026-06-15,etr_1PeJi6i210,"WT11 (P2, batches A/B), vLH51, vLH92, vLH105, vLH110, vLH111",5/19 differentiate T2 (start),5/21 T2->T3,5/23 T3->T4 (over-weekend),5/26 T4->T5,5/28 T5->T6,5/30 T6->T6 (over-weekend),6/2 T6->T6 (10mL top-up),6/3 T6->T7,6/4 dissociation,6/6 T7->T7,6/8 T7->T8,6/10 1/2 T8->1/2 T8,6/11 1/2 T8->1/2 T8,,,,,,,,,,,,"NCT imaging with MMS titration (0-1.5mM) +/- olaparib, Plate I/II batch A&B 6/13-6/15","Cells looked sick/many dead in general during this batch's MMS experiments, especially at higher MMS concentrations; 1nM Halo dye insufficient to see TDP43 granules, 6nM needed"
20260519MN,"20260519EB_MN (NCT, ATP, 51)",2026-05-19 - 2026-06-15,etr_1PeJi6i210,"WT11 (P2, batches A/B), vLH51, vLH92, vLH105, vLH110, vLH111",5/19 differentiate T2 (start),5/21 T2->T3,5/23 T3->T4 (over-weekend),5/26 T4->T5,5/28 T5->T6,5/30 T6->T6 (over-weekend),6/2 T6->T6 (10mL top-up),6/3 T6->T7,6/4 dissociation,6/6 T7->T7,6/8 T7->T8,6/10 1/2 T8->1/2 T8,6/11 1/2 T8->1/2 T8,,,,,,,,,,,,ATP/ADP (Perceval) imaging with MMS titration +/- olaparib 6/13-6/15,"Cells looked sick/many dead in general during this batch's MMS experiments, especially at higher MMS concentrations; 1nM Halo dye insufficient to see TDP43 granules, 6nM needed"
20260519MN,"20260519EB_MN (NCT, ATP, 51)",2026-05-19 - 2026-06-15,etr_1PeJi6i210,"WT11 (P2, batches A/B), vLH51, vLH92, vLH105, vLH110, vLH111",5/19 differentiate T2 (start),5/21 T2->T3,5/23 T3->T4 (over-weekend),5/26 T4->T5,5/28 T5->T6,5/30 T6->T6 (over-weekend),6/2 T6->T6 (10mL top-up),6/3 T6->T7,6/4 dissociation,6/6 T7->T7,6/8 T7->T8,6/10 1/2 T8->1/2 T8,6/11 1/2 T8->1/2 T8,,,,,,,,,,,,PI viability imaging Plate II 6/15,"Cells looked sick/many dead in general during this batch's MMS experiments, especially at higher MMS concentrations; 1nM Halo dye insufficient to see TDP43 granules, 6nM needed"
20260525MN,20260525EB_MN (contaminated),2026-05-26 - 2026-06-11,etr_J3xgj1sguV,WT11,5/26 differentiate T2 (start),5/28 T2->T3,5/30 T3->T4 (over-weekend),6/2 T4->T5,6/4 T5->T6,6/6 T6->T6 (over-weekend),6/8 T6->T7,"6/9 dissociation (contamination discovered afterward, entry ends)",,,,,,,,,,,,,,,,,"Contamination source-tracing test: cultured PBS, T2, T3, T5, T6, BPT8 media with U2OS cells/empty plates/LB broth 6/9-6/11",Batch discarded - contamination. Plates I-IV and newly started 20260608EB_MN batch and PLO-coated spheres all contaminated; PBS identified as the likely contamination source (grew bacteria in isolation test); Matrigel-coated spheres were clear
20260602MN,"20260602EB_MN (NCT, ATP, IF)",2026-06-02 - 2026-07-03,etr_BQrgn8A2dD,"WT11 (P17, batches A/B), vLH51, vLH92, vLH110, vLH111",6/2 differentiate T2 (start),6/4 T2->T3,6/6 T3->T4,6/8 +3mL T4 (top-up),6/9 T4->T5,6/11 T5->T6,6/13 T6->T6 (over-weekend),6/16 T6->T7,6/17 dissociation,6/19 T7->T7,6/21 T7->T8,6/23 1/2 T8->1/2 T8,6/24 1/2 T8->1/2 T8 (new media),,,,,,,,,,,,"ATP/ADP (Perceval) imaging with MMS titration +/- olaparib, batch A 6/24-6/25, batch B 6/25-6/26",Batch B cells looked notably healthier/better than batch A in MMS imaging session
20260602MN,"20260602EB_MN (NCT, ATP, IF)",2026-06-02 - 2026-07-03,etr_BQrgn8A2dD,"WT11 (P17, batches A/B), vLH51, vLH92, vLH110, vLH111",6/2 differentiate T2 (start),6/4 T2->T3,6/6 T3->T4,6/8 +3mL T4 (top-up),6/9 T4->T5,6/11 T5->T6,6/13 T6->T6 (over-weekend),6/16 T6->T7,6/17 dissociation,6/19 T7->T7,6/21 T7->T8,6/23 1/2 T8->1/2 T8,6/24 1/2 T8->1/2 T8 (new media),,,,,,,,,,,,NCT imaging with MMS titration +/- olaparib 6/26-6/27,Batch B cells looked notably healthier/better than batch A in MMS imaging session
20260602MN,"20260602EB_MN (NCT, ATP, IF)",2026-06-02 - 2026-07-03,etr_BQrgn8A2dD,"WT11 (P17, batches A/B), vLH51, vLH92, vLH110, vLH111",6/2 differentiate T2 (start),6/4 T2->T3,6/6 T3->T4,6/8 +3mL T4 (top-up),6/9 T4->T5,6/11 T5->T6,6/13 T6->T6 (over-weekend),6/16 T6->T7,6/17 dissociation,6/19 T7->T7,6/21 T7->T8,6/23 1/2 T8->1/2 T8,6/24 1/2 T8->1/2 T8 (new media),,,,,,,,,,,,vLH51 cytoGEM imaging with glucose titration +/- FCCP/2DG 6/27,Batch B cells looked notably healthier/better than batch A in MMS imaging session
20260602MN,"20260602EB_MN (NCT, ATP, IF)",2026-06-02 - 2026-07-03,etr_BQrgn8A2dD,"WT11 (P17, batches A/B), vLH51, vLH92, vLH110, vLH111",6/2 differentiate T2 (start),6/4 T2->T3,6/6 T3->T4,6/8 +3mL T4 (top-up),6/9 T4->T5,6/11 T5->T6,6/13 T6->T6 (over-weekend),6/16 T6->T7,6/17 dissociation,6/19 T7->T7,6/21 T7->T8,6/23 1/2 T8->1/2 T8,6/24 1/2 T8->1/2 T8 (new media),,,,,,,,,,,,NCT with glucose titration (with pyruvate) + FCCP/2DG condition 6/27,Batch B cells looked notably healthier/better than batch A in MMS imaging session
20260602MN,"20260602EB_MN (NCT, ATP, IF)",2026-06-02 - 2026-07-03,etr_BQrgn8A2dD,"WT11 (P17, batches A/B), vLH51, vLH92, vLH110, vLH111",6/2 differentiate T2 (start),6/4 T2->T3,6/6 T3->T4,6/8 +3mL T4 (top-up),6/9 T4->T5,6/11 T5->T6,6/13 T6->T6 (over-weekend),6/16 T6->T7,6/17 dissociation,6/19 T7->T7,6/21 T7->T8,6/23 1/2 T8->1/2 T8,6/24 1/2 T8->1/2 T8 (new media),,,,,,,,,,,,"IF (RANGAP1, Importin-b1) hypoglycemia treatment, RNA (MMS titration) collected 6/30, IF imaging 7/1-7/3",Batch B cells looked notably healthier/better than batch A in MMS imaging session
20260617MN,"20260617EB_MN (Glo, ATP, NCT, IF)",2026-06-17 - 2026-07-20,etr_0IIaj0G93t,"WT11 (P19, batches A/B), vLH92, vLH110, vLH111",6/17 differentiate T2 (start),6/19 T2->T3,6/21 T3->T4 (over-weekend),6/24 T4->T5,6/26 T5->T6 (over-weekend),6/29 T6->T6,6/30 T6->T7,7/1 dissociation,7/3 T7->T7,7/5 T7->BP T8 (new media),7/7 1/2 T8->1/2 T8,7/8 1/2 T8->1/2 T8,7/10 1/2 T8->1/2 T8,,,,,,,,,,,,"CellTiter-Glo ATP viability assay (glucose/pyruvate titration, MMS titration, FCCP/2DG) 7/7-7/8","Treating media for batch B was found contaminated with rod-shaped bacteria during a Perceval session; suspected degraded/old MMS aliquot caused inconsistent import-rate effects, compared old vs new aliquot"
20260617MN,"20260617EB_MN (Glo, ATP, NCT, IF)",2026-06-17 - 2026-07-20,etr_0IIaj0G93t,"WT11 (P19, batches A/B), vLH92, vLH110, vLH111",6/17 differentiate T2 (start),6/19 T2->T3,6/21 T3->T4 (over-weekend),6/24 T4->T5,6/26 T5->T6 (over-weekend),6/29 T6->T6,6/30 T6->T7,7/1 dissociation,7/3 T7->T7,7/5 T7->BP T8 (new media),7/7 1/2 T8->1/2 T8,7/8 1/2 T8->1/2 T8,7/10 1/2 T8->1/2 T8,,,,,,,,,,,,"NCT imaging with MMS titration +/- DMSO/olaparib, batch A & B 7/8-7/9","Treating media for batch B was found contaminated with rod-shaped bacteria during a Perceval session; suspected degraded/old MMS aliquot caused inconsistent import-rate effects, compared old vs new aliquot"
20260617MN,"20260617EB_MN (Glo, ATP, NCT, IF)",2026-06-17 - 2026-07-20,etr_0IIaj0G93t,"WT11 (P19, batches A/B), vLH92, vLH110, vLH111",6/17 differentiate T2 (start),6/19 T2->T3,6/21 T3->T4 (over-weekend),6/24 T4->T5,6/26 T5->T6 (over-weekend),6/29 T6->T6,6/30 T6->T7,7/1 dissociation,7/3 T7->T7,7/5 T7->BP T8 (new media),7/7 1/2 T8->1/2 T8,7/8 1/2 T8->1/2 T8,7/10 1/2 T8->1/2 T8,,,,,,,,,,,,"ATP/ADP (Perceval) imaging with MMS +/- DMSO/olaparib, comparing old vs fresh MMS aliquot 7/9-7/10 (batch B media found contaminated)","Treating media for batch B was found contaminated with rod-shaped bacteria during a Perceval session; suspected degraded/old MMS aliquot caused inconsistent import-rate effects, compared old vs new aliquot"
20260617MN,"20260617EB_MN (Glo, ATP, NCT, IF)",2026-06-17 - 2026-07-20,etr_0IIaj0G93t,"WT11 (P19, batches A/B), vLH92, vLH110, vLH111",6/17 differentiate T2 (start),6/19 T2->T3,6/21 T3->T4 (over-weekend),6/24 T4->T5,6/26 T5->T6 (over-weekend),6/29 T6->T6,6/30 T6->T7,7/1 dissociation,7/3 T7->T7,7/5 T7->BP T8 (new media),7/7 1/2 T8->1/2 T8,7/8 1/2 T8->1/2 T8,7/10 1/2 T8->1/2 T8,,,,,,,,,,,,"IF (RanGAP1, Ran, SOD1, Importin-b1, TDP43-Halo) glucose titration + MMS titration, imaged 7/20","Treating media for batch B was found contaminated with rod-shaped bacteria during a Perceval session; suspected degraded/old MMS aliquot caused inconsistent import-rate effects, compared old vs new aliquot"
20260629MN,"20260629EB_MN (ATP, NCT, Protein, IF)",2026-06-29 - 2026-08-28,etr_evyj5c7qkv,"WT11 (P19, batches A/B), vLH92, vLH110, vLH111, vLH185",6/29 differentiate T2 (start),7/1 T2->T3,7/3 T3->T4 (over-weekend),7/6 T4->T5,7/8 T5->T6,7/10 T6->T6 (over-weekend),7/13 T6->T7,7/14 dissociation,"7/15 T7->T7 (change half, no virus)",7/16 T7->T8,7/17 1/2 T8->1/2 T8,7/20 1/2 T8->1/2 T8,7/22 1/2 T8->1/2 T8,,,,,,,,,,,,NCT imaging with 2mM MMS +/- DMSO/olaparib 7/22-7/23,"Notebook flags 'This batch has A LOT of non-MNs'; 2mM MMS inconsistently affected NCT import rate across repeats (once no effect, later normal effect - possible MMS aliquot/degradation issue as in prior batch); found detachment method during protein harvest may preferentially remove non-MN cells; IF conditions for stress-granule (G3BP1/TIA1) experiment were not fully recorded/had to be inferred from phenotype (likely control vs 3-5mM MMS)"
20260629MN,"20260629EB_MN (ATP, NCT, Protein, IF)",2026-06-29 - 2026-08-28,etr_evyj5c7qkv,"WT11 (P19, batches A/B), vLH92, vLH110, vLH111, vLH185",6/29 differentiate T2 (start),7/1 T2->T3,7/3 T3->T4 (over-weekend),7/6 T4->T5,7/8 T5->T6,7/10 T6->T6 (over-weekend),7/13 T6->T7,7/14 dissociation,"7/15 T7->T7 (change half, no virus)",7/16 T7->T8,7/17 1/2 T8->1/2 T8,7/20 1/2 T8->1/2 T8,7/22 1/2 T8->1/2 T8,,,,,,,,,,,,"ATP/ADP (Perceval) imaging with MMS titration (0-5mM) +/- DMSO/olaparib, comparison and kinetics timecourse 7/23-7/27","Notebook flags 'This batch has A LOT of non-MNs'; 2mM MMS inconsistently affected NCT import rate across repeats (once no effect, later normal effect - possible MMS aliquot/degradation issue as in prior batch); found detachment method during protein harvest may preferentially remove non-MN cells; IF conditions for stress-granule (G3BP1/TIA1) experiment were not fully recorded/had to be inferred from phenotype (likely control vs 3-5mM MMS)"
20260629MN,"20260629EB_MN (ATP, NCT, Protein, IF)",2026-06-29 - 2026-08-28,etr_evyj5c7qkv,"WT11 (P19, batches A/B), vLH92, vLH110, vLH111, vLH185",6/29 differentiate T2 (start),7/1 T2->T3,7/3 T3->T4 (over-weekend),7/6 T4->T5,7/8 T5->T6,7/10 T6->T6 (over-weekend),7/13 T6->T7,7/14 dissociation,"7/15 T7->T7 (change half, no virus)",7/16 T7->T8,7/17 1/2 T8->1/2 T8,7/20 1/2 T8->1/2 T8,7/22 1/2 T8->1/2 T8,,,,,,,,,,,,"NCT/ATP hypoglycemia (glucose titration, 110/185 reporters) 7/27-7/29","Notebook flags 'This batch has A LOT of non-MNs'; 2mM MMS inconsistently affected NCT import rate across repeats (once no effect, later normal effect - possible MMS aliquot/degradation issue as in prior batch); found detachment method during protein harvest may preferentially remove non-MN cells; IF conditions for stress-granule (G3BP1/TIA1) experiment were not fully recorded/had to be inferred from phenotype (likely control vs 3-5mM MMS)"
20260629MN,"20260629EB_MN (ATP, NCT, Protein, IF)",2026-06-29 - 2026-08-28,etr_evyj5c7qkv,"WT11 (P19, batches A/B), vLH92, vLH110, vLH111, vLH185",6/29 differentiate T2 (start),7/1 T2->T3,7/3 T3->T4 (over-weekend),7/6 T4->T5,7/8 T5->T6,7/10 T6->T6 (over-weekend),7/13 T6->T7,7/14 dissociation,"7/15 T7->T7 (change half, no virus)",7/16 T7->T8,7/17 1/2 T8->1/2 T8,7/20 1/2 T8->1/2 T8,7/22 1/2 T8->1/2 T8,,,,,,,,,,,,"Protein extraction (RIPA lysate, glucose conditions) 8/27","Notebook flags 'This batch has A LOT of non-MNs'; 2mM MMS inconsistently affected NCT import rate across repeats (once no effect, later normal effect - possible MMS aliquot/degradation issue as in prior batch); found detachment method during protein harvest may preferentially remove non-MN cells; IF conditions for stress-granule (G3BP1/TIA1) experiment were not fully recorded/had to be inferred from phenotype (likely control vs 3-5mM MMS)"
20260629MN,"20260629EB_MN (ATP, NCT, Protein, IF)",2026-06-29 - 2026-08-28,etr_evyj5c7qkv,"WT11 (P19, batches A/B), vLH92, vLH110, vLH111, vLH185",6/29 differentiate T2 (start),7/1 T2->T3,7/3 T3->T4 (over-weekend),7/6 T4->T5,7/8 T5->T6,7/10 T6->T6 (over-weekend),7/13 T6->T7,7/14 dissociation,"7/15 T7->T7 (change half, no virus)",7/16 T7->T8,7/17 1/2 T8->1/2 T8,7/20 1/2 T8->1/2 T8,7/22 1/2 T8->1/2 T8,,,,,,,,,,,,"IF (G3BP1, TIA1 stress granule markers, MMS titration) 7/30-8/28","Notebook flags 'This batch has A LOT of non-MNs'; 2mM MMS inconsistently affected NCT import rate across repeats (once no effect, later normal effect - possible MMS aliquot/degradation issue as in prior batch); found detachment method during protein harvest may preferentially remove non-MN cells; IF conditions for stress-granule (G3BP1/TIA1) experiment were not fully recorded/had to be inferred from phenotype (likely control vs 3-5mM MMS)"
20260831MN,20260831EB_MN,2026-08-31 - 2026-09-23,etr_NsJ8cDV8PV,WT11,8/31 differentiate T2 (start),9/2 T2->T3,9/4 T3->T4 (over-weekend),9/7 T4->T5,9/9 T5->T6,9/11 T6->T6 (over-weekend),9/14 T6->T7,9/14 dissociation,9/15 T7->T7 (+virus),9/17 T7->T8,9/18 1/2 T8->1/2 T8,9/21 1/2 T8->1/2 T8,9/23 1/2 T8->1/2 T8,,,,,,,,,,,,"No experiments recorded yet - entry ends after dissociation/plating and media changes (in progress, only 2 pages)","Entry appears incomplete/still in progress as of export; only standard EB_MN differentiation and passaging steps logged, no downstream assays yet"
